,date,precipitation,temp_max,temp_min,wind,weather,year,month,day
0,2012-01-01,0.0,12.8,5.0,4.7,drizzle,2012,January,Sunday
1,2012-01-02,10.9,10.6,2.8,4.5,rain,2012,January,Monday
2,2012-01-03,0.8,11.7,7.2,2.3,rain,2012,January,Tuesday
3,2012-01-04,20.3,12.2,5.6,4.7,rain,2012,January,Wednesday
4,2012-01-05,1.3,8.9,2.8,6.1,rain,2012,January,Thursday
5,2012-01-06,2.5,4.4,2.2,2.2,rain,2012,January,Friday
6,2012-01-07,0.0,7.2,2.8,2.3,rain,2012,January,Saturday
7,2012-01-08,0.0,10.0,2.8,2.0,sun,2012,January,Sunday
8,2012-01-09,4.3,9.4,5.0,3.4,rain,2012,January,Monday
9,2012-01-10,1.0,6.1,0.6,3.4,rain,2012,January,Tuesday
10,2012-01-11,0.0,6.1,-1.1,5.1,sun,2012,January,Wednesday
11,2012-01-12,0.0,6.1,-1.7,1.9,sun,2012,January,Thursday
12,2012-01-13,0.0,5.0,-2.8,1.3,sun,2012,January,Friday
13,2012-01-14,4.1,4.4,0.6,5.3,snow,2012,January,Saturday
14,2012-01-15,5.3,1.1,-3.3,3.2,snow,2012,January,Sunday
15,2012-01-16,2.5,1.7,-2.8,5.0,snow,2012,January,Monday
16,2012-01-17,8.1,3.3,0.0,5.6,snow,2012,January,Tuesday
17,2012-01-18,19.8,0.0,-2.8,5.0,snow,2012,January,Wednesday
18,2012-01-19,15.2,-1.1,-2.8,1.6,snow,2012,January,Thursday
19,2012-01-20,13.5,7.2,-1.1,2.3,snow,2012,January,Friday
20,2012-01-21,3.0,8.3,3.3,8.2,rain,2012,January,Saturday
21,2012-01-22,6.1,6.7,2.2,4.8,rain,2012,January,Sunday
22,2012-01-23,0.0,8.3,1.1,3.6,rain,2012,January,Monday
23,2012-01-24,8.6,10.0,2.2,5.1,rain,2012,January,Tuesday
24,2012-01-25,8.1,8.9,4.4,5.4,rain,2012,January,Wednesday
25,2012-01-26,4.8,8.9,1.1,4.8,rain,2012,January,Thursday
26,2012-01-27,0.0,6.7,-2.2,1.4,drizzle,2012,January,Friday
27,2012-01-28,0.0,6.7,0.6,2.2,rain,2012,January,Saturday
28,2012-01-29,27.7,9.4,3.9,4.5,rain,2012,January,Sunday
29,2012-01-30,3.6,8.3,6.1,5.1,rain,2012,January,Monday
30,2012-01-31,1.8,9.4,6.1,3.9,rain,2012,January,Tuesday
31,2012-02-01,13.5,8.9,3.3,2.7,rain,2012,February,Wednesday
32,2012-02-02,0.0,8.3,1.7,2.6,sun,2012,February,Thursday
33,2012-02-03,0.0,14.4,2.2,5.3,sun,2012,February,Friday
34,2012-02-04,0.0,15.6,5.0,4.3,sun,2012,February,Saturday
35,2012-02-05,0.0,13.9,1.7,2.9,sun,2012,February,Sunday
36,2012-02-06,0.0,16.1,1.7,5.0,sun,2012,February,Monday
37,2012-02-07,0.3,15.6,7.8,5.3,rain,2012,February,Tuesday
38,2012-02-08,2.8,10.0,5.0,2.7,rain,2012,February,Wednesday
39,2012-02-09,2.5,11.1,7.8,2.4,rain,2012,February,Thursday
40,2012-02-10,2.5,12.8,6.7,3.0,rain,2012,February,Friday
41,2012-02-11,0.8,8.9,5.6,3.4,rain,2012,February,Saturday
42,2012-02-12,1.0,8.3,5.0,1.3,rain,2012,February,Sunday
43,2012-02-13,11.4,7.2,4.4,1.4,rain,2012,February,Monday
44,2012-02-14,2.5,6.7,1.1,3.1,rain,2012,February,Tuesday
45,2012-02-15,0.0,7.2,0.6,1.8,drizzle,2012,February,Wednesday
46,2012-02-16,1.8,7.2,3.3,2.1,rain,2012,February,Thursday
47,2012-02-17,17.3,10.0,4.4,3.4,rain,2012,February,Friday
48,2012-02-18,6.4,6.7,3.9,8.1,rain,2012,February,Saturday
49,2012-02-19,0.0,6.7,2.2,4.7,sun,2012,February,Sunday
50,2012-02-20,3.0,7.8,1.7,2.9,rain,2012,February,Monday
51,2012-02-21,0.8,10.0,7.8,7.5,rain,2012,February,Tuesday
52,2012-02-22,8.6,10.0,2.8,5.9,rain,2012,February,Wednesday
53,2012-02-23,0.0,8.3,2.8,3.9,sun,2012,February,Thursday
54,2012-02-24,11.4,6.7,4.4,3.5,rain,2012,February,Friday
55,2012-02-25,0.0,7.2,2.8,6.4,rain,2012,February,Saturday
56,2012-02-26,1.3,5.0,-1.1,3.4,snow,2012,February,Sunday
57,2012-02-27,0.0,6.7,-2.2,3.0,sun,2012,February,Monday
58,2012-02-28,3.6,6.7,-0.6,4.2,snow,2012,February,Tuesday
59,2012-02-29,0.8,5.0,1.1,7.0,snow,2012,February,Wednesday
60,2012-03-01,0.0,6.1,1.1,3.1,sun,2012,March,Thursday
61,2012-03-02,2.0,6.7,3.9,5.1,rain,2012,March,Friday
62,2012-03-03,0.0,12.2,6.7,7.0,sun,2012,March,Saturday
63,2012-03-04,0.0,10.6,6.7,5.6,rain,2012,March,Sunday
64,2012-03-05,6.9,7.8,1.1,6.2,rain,2012,March,Monday
65,2012-03-06,0.5,6.7,0.0,2.7,snow,2012,March,Tuesday
66,2012-03-07,0.0,8.9,-1.7,2.7,sun,2012,March,Wednesday
67,2012-03-08,0.0,15.6,0.6,2.5,sun,2012,March,Thursday
68,2012-03-09,3.6,9.4,5.0,2.8,rain,2012,March,Friday
69,2012-03-10,10.4,7.2,6.1,3.4,rain,2012,March,Saturday
70,2012-03-11,13.7,6.7,2.8,5.8,rain,2012,March,Sunday
71,2012-03-12,19.3,8.3,0.6,6.2,snow,2012,March,Monday
72,2012-03-13,9.4,5.6,0.6,5.3,snow,2012,March,Tuesday
73,2012-03-14,8.6,7.8,1.1,4.7,rain,2012,March,Wednesday
74,2012-03-15,23.9,11.1,5.6,5.8,snow,2012,March,Thursday
75,2012-03-16,8.4,8.9,3.9,5.1,rain,2012,March,Friday
76,2012-03-17,9.4,10.0,0.6,3.8,snow,2012,March,Saturday
77,2012-03-18,3.6,5.0,-0.6,2.7,rain,2012,March,Sunday
78,2012-03-19,2.0,7.2,-1.1,3.0,rain,2012,March,Monday
79,2012-03-20,3.6,7.8,2.2,6.4,rain,2012,March,Tuesday
80,2012-03-21,1.3,8.9,1.1,2.5,rain,2012,March,Wednesday
81,2012-03-22,4.1,10.0,1.7,2.1,rain,2012,March,Thursday
82,2012-03-23,0.0,12.2,0.6,2.8,sun,2012,March,Friday
83,2012-03-24,0.0,15.0,3.3,5.2,sun,2012,March,Saturday
84,2012-03-25,0.0,13.3,2.2,2.7,rain,2012,March,Sunday
85,2012-03-26,0.0,12.8,6.1,4.3,drizzle,2012,March,Monday
86,2012-03-27,4.8,14.4,6.7,3.8,rain,2012,March,Tuesday
87,2012-03-28,1.3,10.6,7.2,5.9,rain,2012,March,Wednesday
88,2012-03-29,27.4,10.0,6.1,4.4,rain,2012,March,Thursday
89,2012-03-30,5.6,9.4,5.0,4.7,rain,2012,March,Friday
90,2012-03-31,13.2,10.0,2.8,3.4,rain,2012,March,Saturday
91,2012-04-01,1.5,8.9,4.4,6.8,rain,2012,April,Sunday
92,2012-04-02,0.0,16.7,4.4,3.1,sun,2012,April,Monday
93,2012-04-03,1.5,11.7,3.3,3.1,rain,2012,April,Tuesday
94,2012-04-04,0.0,10.6,2.8,2.1,sun,2012,April,Wednesday
95,2012-04-05,4.6,9.4,2.8,1.8,snow,2012,April,Thursday
96,2012-04-06,0.3,11.1,3.3,2.6,rain,2012,April,Friday
97,2012-04-07,0.0,16.1,1.7,4.3,sun,2012,April,Saturday
98,2012-04-08,0.0,21.1,7.2,4.1,sun,2012,April,Sunday
99,2012-04-09,0.0,20.0,6.1,2.1,sun,2012,April,Monday
100,2012-04-10,0.0,17.8,8.9,3.2,rain,2012,April,Tuesday
101,2012-04-11,2.3,11.1,7.2,2.6,rain,2012,April,Wednesday
102,2012-04-12,0.5,13.9,5.6,2.6,rain,2012,April,Thursday
103,2012-04-13,0.0,15.0,3.9,4.0,drizzle,2012,April,Friday
104,2012-04-14,0.0,15.6,3.3,3.0,sun,2012,April,Saturday
105,2012-04-15,0.0,16.1,7.2,2.9,rain,2012,April,Sunday
106,2012-04-16,8.1,13.3,6.7,5.8,rain,2012,April,Monday
107,2012-04-17,1.8,10.0,4.4,2.0,rain,2012,April,Tuesday
108,2012-04-18,1.8,13.3,7.2,3.9,rain,2012,April,Wednesday
109,2012-04-19,10.9,13.9,5.0,2.6,rain,2012,April,Thursday
110,2012-04-20,6.6,13.3,6.7,2.7,rain,2012,April,Friday
111,2012-04-21,0.0,20.0,4.4,2.3,sun,2012,April,Saturday
112,2012-04-22,0.0,23.3,8.3,2.6,rain,2012,April,Sunday
113,2012-04-23,0.0,21.7,8.9,3.5,sun,2012,April,Monday
114,2012-04-24,4.3,13.9,10.0,2.8,rain,2012,April,Tuesday
115,2012-04-25,10.7,16.7,8.9,2.6,rain,2012,April,Wednesday
116,2012-04-26,3.8,13.9,6.7,5.2,rain,2012,April,Thursday
117,2012-04-27,0.8,13.3,6.1,4.8,rain,2012,April,Friday
118,2012-04-28,0.0,16.1,8.3,2.5,drizzle,2012,April,Saturday
119,2012-04-29,4.3,15.6,8.9,1.6,rain,2012,April,Sunday
120,2012-04-30,4.3,12.8,7.2,8.0,rain,2012,April,Monday
121,2012-05-01,0.5,11.7,6.1,6.4,rain,2012,May,Tuesday
122,2012-05-02,0.5,13.3,5.6,2.5,rain,2012,May,Wednesday
123,2012-05-03,18.5,11.1,7.2,3.4,rain,2012,May,Thursday
124,2012-05-04,1.8,12.2,6.1,4.6,rain,2012,May,Friday
125,2012-05-05,0.0,13.3,5.0,2.3,sun,2012,May,Saturday
126,2012-05-06,0.0,17.8,5.0,2.4,sun,2012,May,Sunday
127,2012-05-07,0.0,23.9,6.1,2.2,sun,2012,May,Monday
128,2012-05-08,0.0,18.3,9.4,3.0,sun,2012,May,Tuesday
129,2012-05-09,0.0,13.3,6.7,3.9,rain,2012,May,Wednesday
130,2012-05-10,0.0,14.4,3.9,3.0,sun,2012,May,Thursday
131,2012-05-11,0.0,18.3,4.4,4.3,sun,2012,May,Friday
132,2012-05-12,0.0,24.4,6.7,3.4,sun,2012,May,Saturday
133,2012-05-13,0.0,25.6,9.4,4.2,sun,2012,May,Sunday
134,2012-05-14,0.0,26.7,12.8,3.8,sun,2012,May,Monday
135,2012-05-15,0.0,24.4,9.4,4.1,drizzle,2012,May,Tuesday
136,2012-05-16,0.0,19.4,9.4,3.5,sun,2012,May,Wednesday
137,2012-05-17,0.0,17.8,6.7,2.9,rain,2012,May,Thursday
138,2012-05-18,0.0,15.6,7.8,3.1,rain,2012,May,Friday
139,2012-05-19,0.0,19.4,7.2,1.5,sun,2012,May,Saturday
140,2012-05-20,6.4,14.4,11.7,1.3,rain,2012,May,Sunday
141,2012-05-21,14.0,16.7,10.0,4.0,rain,2012,May,Monday
142,2012-05-22,6.1,12.8,8.9,4.8,rain,2012,May,Tuesday
143,2012-05-23,0.3,14.4,8.9,6.3,rain,2012,May,Wednesday
144,2012-05-24,0.0,17.2,8.9,3.3,rain,2012,May,Thursday
145,2012-05-25,0.0,22.2,8.9,3.1,rain,2012,May,Friday
146,2012-05-26,0.0,22.2,8.9,3.6,sun,2012,May,Saturday
147,2012-05-27,0.0,17.2,11.7,3.7,sun,2012,May,Sunday
148,2012-05-28,0.0,16.7,10.0,3.4,rain,2012,May,Monday
149,2012-05-29,0.0,16.1,7.8,1.8,sun,2012,May,Tuesday
150,2012-05-30,0.3,18.9,11.1,1.5,rain,2012,May,Wednesday
151,2012-05-31,3.8,17.8,12.2,2.7,rain,2012,May,Thursday
152,2012-06-01,6.6,20.0,12.8,3.7,rain,2012,June,Friday
153,2012-06-02,0.3,18.9,10.6,3.7,rain,2012,June,Saturday
154,2012-06-03,0.0,17.2,9.4,2.9,sun,2012,June,Sunday
155,2012-06-04,1.3,12.8,8.9,3.1,rain,2012,June,Monday
156,2012-06-05,16.0,13.3,8.3,3.3,rain,2012,June,Tuesday
157,2012-06-06,0.0,16.1,6.1,3.4,sun,2012,June,Wednesday
158,2012-06-07,16.5,16.1,8.9,3.5,rain,2012,June,Thursday
159,2012-06-08,1.5,15.0,8.3,3.0,rain,2012,June,Friday
160,2012-06-09,0.0,17.2,8.3,4.7,rain,2012,June,Saturday
161,2012-06-10,0.0,18.9,10.0,2.9,sun,2012,June,Sunday
162,2012-06-11,0.0,23.3,10.0,1.8,rain,2012,June,Monday
163,2012-06-12,0.8,18.3,12.8,3.9,rain,2012,June,Tuesday
164,2012-06-13,0.0,16.1,11.1,4.3,sun,2012,June,Wednesday
165,2012-06-14,0.0,17.2,10.0,2.7,sun,2012,June,Thursday
166,2012-06-15,0.0,22.2,9.4,1.7,sun,2012,June,Friday
167,2012-06-16,0.0,21.1,15.0,4.1,rain,2012,June,Saturday
168,2012-06-17,0.0,18.9,11.7,6.4,sun,2012,June,Sunday
169,2012-06-18,3.0,17.2,10.0,3.8,rain,2012,June,Monday
170,2012-06-19,1.0,19.4,10.0,3.0,rain,2012,June,Tuesday
171,2012-06-20,0.0,24.4,10.0,3.0,sun,2012,June,Wednesday
172,2012-06-21,0.0,23.9,11.7,2.1,sun,2012,June,Thursday
173,2012-06-22,15.7,13.9,11.7,1.9,rain,2012,June,Friday
174,2012-06-23,8.6,15.6,9.4,2.5,rain,2012,June,Saturday
175,2012-06-24,0.0,19.4,9.4,2.0,drizzle,2012,June,Sunday
176,2012-06-25,0.5,19.4,11.1,3.1,rain,2012,June,Monday
177,2012-06-26,0.0,18.3,10.6,3.4,rain,2012,June,Tuesday
178,2012-06-27,0.0,22.8,8.9,1.8,sun,2012,June,Wednesday
179,2012-06-28,0.0,22.2,11.7,2.5,rain,2012,June,Thursday
180,2012-06-29,0.3,21.7,15.0,1.9,rain,2012,June,Friday
181,2012-06-30,3.0,20.0,13.3,2.4,rain,2012,June,Saturday
182,2012-07-01,0.0,20.0,12.2,2.3,rain,2012,July,Sunday
183,2012-07-02,2.0,18.9,11.7,2.1,rain,2012,July,Monday
184,2012-07-03,5.8,18.3,10.6,6.0,rain,2012,July,Tuesday
185,2012-07-04,0.0,20.6,9.4,3.8,sun,2012,July,Wednesday
186,2012-07-05,0.0,24.4,10.6,3.1,drizzle,2012,July,Thursday
187,2012-07-06,0.0,25.0,11.1,2.1,sun,2012,July,Friday
188,2012-07-07,0.0,26.7,12.8,3.8,sun,2012,July,Saturday
189,2012-07-08,0.0,28.3,14.4,2.8,rain,2012,July,Sunday
190,2012-07-09,1.5,25.0,12.8,2.0,rain,2012,July,Monday
191,2012-07-10,0.0,23.9,11.1,2.3,drizzle,2012,July,Tuesday
192,2012-07-11,0.0,27.8,13.3,2.9,fog,2012,July,Wednesday
193,2012-07-12,0.0,25.6,13.3,2.7,drizzle,2012,July,Thursday
194,2012-07-13,0.5,23.3,13.9,2.2,rain,2012,July,Friday
195,2012-07-14,0.0,25.0,15.0,2.2,rain,2012,July,Saturday
196,2012-07-15,0.0,18.9,13.3,3.8,rain,2012,July,Sunday
197,2012-07-16,0.3,26.1,13.3,2.5,rain,2012,July,Monday
198,2012-07-17,0.0,21.7,15.0,2.6,sun,2012,July,Tuesday
199,2012-07-18,0.0,21.1,14.4,2.9,sun,2012,July,Wednesday
200,2012-07-19,0.0,25.0,14.4,2.2,sun,2012,July,Thursday
201,2012-07-20,15.2,19.4,13.9,4.0,rain,2012,July,Friday
202,2012-07-21,0.0,23.9,13.9,2.3,sun,2012,July,Saturday
203,2012-07-22,1.0,20.6,12.2,3.9,rain,2012,July,Sunday
204,2012-07-23,0.0,18.9,11.1,3.3,rain,2012,July,Monday
205,2012-07-24,0.0,23.3,12.2,4.3,sun,2012,July,Tuesday
206,2012-07-25,0.0,26.7,12.8,2.6,sun,2012,July,Wednesday
207,2012-07-26,0.0,25.6,12.8,2.2,drizzle,2012,July,Thursday
208,2012-07-27,0.0,18.9,13.9,2.8,drizzle,2012,July,Friday
209,2012-07-28,0.0,22.2,13.3,1.7,drizzle,2012,July,Saturday
210,2012-07-29,0.0,22.8,15.0,2.0,sun,2012,July,Sunday
211,2012-07-30,0.0,19.4,13.3,3.0,sun,2012,July,Monday
212,2012-07-31,0.0,22.8,13.9,2.8,sun,2012,July,Tuesday
213,2012-08-01,0.0,23.9,13.3,2.2,drizzle,2012,August,Wednesday
214,2012-08-02,0.0,23.3,12.2,2.5,sun,2012,August,Thursday
215,2012-08-03,0.0,27.2,12.8,3.9,sun,2012,August,Friday
216,2012-08-04,0.0,33.9,16.7,3.7,sun,2012,August,Saturday
217,2012-08-05,0.0,33.9,17.8,1.9,sun,2012,August,Sunday
218,2012-08-06,0.0,28.3,15.6,2.5,rain,2012,August,Monday
219,2012-08-07,0.0,21.1,15.0,2.6,drizzle,2012,August,Tuesday
220,2012-08-08,0.0,22.2,15.0,3.1,sun,2012,August,Wednesday
221,2012-08-09,0.0,24.4,14.4,3.8,drizzle,2012,August,Thursday
222,2012-08-10,0.0,25.6,12.2,2.3,sun,2012,August,Friday
223,2012-08-11,0.0,28.3,13.3,2.5,sun,2012,August,Saturday
224,2012-08-12,0.0,30.6,15.0,3.0,sun,2012,August,Sunday
225,2012-08-13,0.0,30.6,15.0,2.8,sun,2012,August,Monday
226,2012-08-14,0.0,28.9,13.9,2.8,sun,2012,August,Tuesday
227,2012-08-15,0.0,31.1,16.7,4.7,sun,2012,August,Wednesday
228,2012-08-16,0.0,34.4,18.3,2.8,sun,2012,August,Thursday
229,2012-08-17,0.0,32.8,16.1,1.8,sun,2012,August,Friday
230,2012-08-18,0.0,21.7,14.4,3.0,drizzle,2012,August,Saturday
231,2012-08-19,0.0,23.3,15.0,2.7,drizzle,2012,August,Sunday
232,2012-08-20,0.0,25.6,15.0,1.9,sun,2012,August,Monday
233,2012-08-21,0.0,23.3,13.3,3.0,rain,2012,August,Tuesday
234,2012-08-22,0.0,22.2,13.3,2.3,sun,2012,August,Wednesday
235,2012-08-23,0.0,21.1,13.9,3.8,sun,2012,August,Thursday
236,2012-08-24,0.0,22.2,10.0,3.3,sun,2012,August,Friday
237,2012-08-25,0.0,26.1,11.7,3.2,sun,2012,August,Saturday
238,2012-08-26,0.0,21.1,12.2,3.4,sun,2012,August,Sunday
239,2012-08-27,0.0,23.9,13.3,1.8,sun,2012,August,Monday
240,2012-08-28,0.0,22.8,12.2,3.2,sun,2012,August,Tuesday
241,2012-08-29,0.0,22.8,13.3,2.4,sun,2012,August,Wednesday
242,2012-08-30,0.0,22.8,12.8,1.9,sun,2012,August,Thursday
243,2012-08-31,0.0,22.2,10.6,2.9,sun,2012,August,Friday
244,2012-09-01,0.0,21.7,10.6,2.1,sun,2012,September,Saturday
245,2012-09-02,0.0,21.1,10.0,2.0,sun,2012,September,Sunday
246,2012-09-03,0.0,22.8,12.8,3.3,sun,2012,September,Monday
247,2012-09-04,0.0,24.4,11.1,3.1,sun,2012,September,Tuesday
248,2012-09-05,0.0,26.1,11.7,2.6,sun,2012,September,Wednesday
249,2012-09-06,0.0,28.3,14.4,4.2,sun,2012,September,Thursday
250,2012-09-07,0.0,32.2,13.3,3.1,sun,2012,September,Friday
251,2012-09-08,0.0,25.0,13.3,3.0,sun,2012,September,Saturday
252,2012-09-09,0.3,18.9,13.9,5.0,rain,2012,September,Sunday
253,2012-09-10,0.3,20.0,11.7,3.9,rain,2012,September,Monday
254,2012-09-11,0.0,20.0,8.9,4.2,sun,2012,September,Tuesday
255,2012-09-12,0.0,22.2,10.0,5.6,sun,2012,September,Wednesday
256,2012-09-13,0.0,27.8,11.7,3.6,sun,2012,September,Thursday
257,2012-09-14,0.0,26.1,11.1,1.5,sun,2012,September,Friday
258,2012-09-15,0.0,22.2,11.1,1.9,sun,2012,September,Saturday
259,2012-09-16,0.0,24.4,9.4,2.3,sun,2012,September,Sunday
260,2012-09-17,0.0,27.8,11.7,2.2,fog,2012,September,Monday
261,2012-09-18,0.0,27.8,11.7,1.4,sun,2012,September,Tuesday
262,2012-09-19,0.0,23.9,11.7,1.9,drizzle,2012,September,Wednesday
263,2012-09-20,0.0,19.4,10.0,2.5,drizzle,2012,September,Thursday
264,2012-09-21,0.0,16.1,12.8,2.1,drizzle,2012,September,Friday
265,2012-09-22,0.3,19.4,11.7,1.1,rain,2012,September,Saturday
266,2012-09-23,0.0,19.4,10.0,1.4,fog,2012,September,Sunday
267,2012-09-24,0.0,21.1,10.0,1.8,fog,2012,September,Monday
268,2012-09-25,0.0,19.4,11.1,1.7,sun,2012,September,Tuesday
269,2012-09-26,0.0,19.4,9.4,1.7,drizzle,2012,September,Wednesday
270,2012-09-27,0.0,22.8,10.0,1.7,drizzle,2012,September,Thursday
271,2012-09-28,0.0,25.0,12.2,1.1,rain,2012,September,Friday
272,2012-09-29,0.0,20.6,12.2,4.3,sun,2012,September,Saturday
273,2012-09-30,0.0,21.1,7.8,3.1,sun,2012,September,Sunday
274,2012-10-01,0.0,23.3,8.9,3.0,sun,2012,October,Monday
275,2012-10-02,0.0,17.8,10.0,4.1,sun,2012,October,Tuesday
276,2012-10-03,0.0,18.9,7.8,7.3,sun,2012,October,Wednesday
277,2012-10-04,0.0,18.9,8.3,6.5,sun,2012,October,Thursday
278,2012-10-05,0.0,21.7,8.9,5.7,sun,2012,October,Friday
279,2012-10-06,0.0,23.9,7.8,5.1,sun,2012,October,Saturday
280,2012-10-07,0.0,23.9,7.8,1.3,sun,2012,October,Sunday
281,2012-10-08,0.0,21.1,7.8,1.9,sun,2012,October,Monday
282,2012-10-09,0.0,16.1,8.9,1.6,drizzle,2012,October,Tuesday
283,2012-10-10,0.0,12.2,8.3,1.4,drizzle,2012,October,Wednesday
284,2012-10-11,0.0,13.9,7.2,1.3,drizzle,2012,October,Thursday
285,2012-10-12,2.0,13.9,8.9,4.6,rain,2012,October,Friday
286,2012-10-13,4.8,15.6,12.2,3.9,rain,2012,October,Saturday
287,2012-10-14,16.5,17.8,13.3,3.4,rain,2012,October,Sunday
288,2012-10-15,7.9,17.2,11.1,4.6,rain,2012,October,Monday
289,2012-10-16,0.0,16.1,8.3,5.5,sun,2012,October,Tuesday
290,2012-10-17,0.0,14.4,6.1,1.6,sun,2012,October,Wednesday
291,2012-10-18,20.8,17.8,6.7,2.0,rain,2012,October,Thursday
292,2012-10-19,4.8,15.0,9.4,5.3,rain,2012,October,Friday
293,2012-10-20,0.5,11.1,6.1,5.7,rain,2012,October,Saturday
294,2012-10-21,6.4,11.7,4.4,2.7,rain,2012,October,Sunday
295,2012-10-22,8.9,7.8,3.3,2.6,rain,2012,October,Monday
296,2012-10-23,0.0,11.1,5.6,3.0,rain,2012,October,Tuesday
297,2012-10-24,7.1,11.7,6.1,2.1,rain,2012,October,Wednesday
298,2012-10-25,0.0,11.7,6.7,1.5,sun,2012,October,Thursday
299,2012-10-26,1.5,11.1,7.2,2.5,rain,2012,October,Friday
300,2012-10-27,23.1,14.4,9.4,5.1,rain,2012,October,Saturday
301,2012-10-28,6.1,14.4,10.0,3.8,rain,2012,October,Sunday
302,2012-10-29,10.9,15.6,10.0,4.9,rain,2012,October,Monday
303,2012-10-30,34.5,15.0,12.2,2.8,rain,2012,October,Tuesday
304,2012-10-31,14.5,15.6,11.1,2.7,rain,2012,October,Wednesday
305,2012-11-01,9.7,15.0,10.6,3.0,rain,2012,November,Thursday
306,2012-11-02,5.6,15.0,10.6,1.0,rain,2012,November,Friday
307,2012-11-03,0.5,15.6,11.1,3.6,rain,2012,November,Saturday
308,2012-11-04,8.1,17.8,12.8,3.8,rain,2012,November,Sunday
309,2012-11-05,0.8,15.0,7.8,4.0,rain,2012,November,Monday
310,2012-11-06,0.3,12.8,6.7,3.5,rain,2012,November,Tuesday
311,2012-11-07,0.0,12.2,3.9,3.4,rain,2012,November,Wednesday
312,2012-11-08,0.0,10.0,1.1,3.4,rain,2012,November,Thursday
313,2012-11-09,0.0,8.9,1.1,2.0,rain,2012,November,Friday
314,2012-11-10,0.0,7.8,-0.6,2.2,sun,2012,November,Saturday
315,2012-11-11,15.2,8.9,1.1,3.0,rain,2012,November,Sunday
316,2012-11-12,3.6,12.8,6.1,3.0,rain,2012,November,Monday
317,2012-11-13,5.3,11.1,7.8,2.5,rain,2012,November,Tuesday
318,2012-11-14,0.8,11.1,5.0,2.6,rain,2012,November,Wednesday
319,2012-11-15,0.0,9.4,2.8,2.4,drizzle,2012,November,Thursday
320,2012-11-16,5.6,9.4,2.2,1.6,rain,2012,November,Friday
321,2012-11-17,6.1,12.2,6.1,5.3,rain,2012,November,Saturday
322,2012-11-18,7.9,10.0,6.1,4.9,rain,2012,November,Sunday
323,2012-11-19,54.1,13.3,8.3,6.0,rain,2012,November,Monday
324,2012-11-20,3.8,11.1,7.2,4.2,rain,2012,November,Tuesday
325,2012-11-21,11.2,8.3,3.9,5.5,rain,2012,November,Wednesday
326,2012-11-22,0.0,8.9,2.8,1.5,rain,2012,November,Thursday
327,2012-11-23,32.0,9.4,6.1,2.4,rain,2012,November,Friday
328,2012-11-24,0.0,8.9,3.9,1.2,rain,2012,November,Saturday
329,2012-11-25,0.0,8.3,1.1,3.6,drizzle,2012,November,Sunday
330,2012-11-26,0.0,9.4,1.7,3.8,fog,2012,November,Monday
331,2012-11-27,0.0,10.0,1.7,1.5,sun,2012,November,Tuesday
332,2012-11-28,2.8,9.4,2.2,2.9,rain,2012,November,Wednesday
333,2012-11-29,1.5,12.8,7.8,4.2,rain,2012,November,Thursday
334,2012-11-30,35.6,15.0,7.8,4.6,rain,2012,November,Friday
335,2012-12-01,4.1,13.3,8.3,5.5,rain,2012,December,Saturday
336,2012-12-02,19.6,8.3,7.2,6.2,rain,2012,December,Sunday
337,2012-12-03,13.0,9.4,7.2,4.4,rain,2012,December,Monday
338,2012-12-04,14.2,11.7,7.2,6.2,rain,2012,December,Tuesday
339,2012-12-05,1.5,8.9,4.4,5.0,rain,2012,December,Wednesday
340,2012-12-06,1.5,7.2,6.1,5.1,rain,2012,December,Thursday
341,2012-12-07,1.0,7.8,3.3,4.6,rain,2012,December,Friday
342,2012-12-08,0.0,6.7,3.3,2.0,sun,2012,December,Saturday
343,2012-12-09,1.5,6.7,2.8,2.1,rain,2012,December,Sunday
344,2012-12-10,0.5,7.2,5.6,1.8,rain,2012,December,Monday
345,2012-12-11,3.0,7.8,5.6,4.5,rain,2012,December,Tuesday
346,2012-12-12,8.1,6.7,4.4,2.0,rain,2012,December,Wednesday
347,2012-12-13,2.3,7.2,3.3,2.8,rain,2012,December,Thursday
348,2012-12-14,7.9,6.1,1.1,1.7,rain,2012,December,Friday
349,2012-12-15,5.3,4.4,0.6,5.1,snow,2012,December,Saturday
350,2012-12-16,22.6,6.7,3.3,5.5,snow,2012,December,Sunday
351,2012-12-17,2.0,8.3,1.7,9.5,rain,2012,December,Monday
352,2012-12-18,3.3,3.9,0.6,5.3,snow,2012,December,Tuesday
353,2012-12-19,13.7,8.3,1.7,5.8,snow,2012,December,Wednesday
354,2012-12-20,13.2,7.2,0.6,3.7,rain,2012,December,Thursday
355,2012-12-21,1.8,8.3,-1.7,1.7,rain,2012,December,Friday
356,2012-12-22,3.3,8.3,3.9,3.5,rain,2012,December,Saturday
357,2012-12-23,6.6,7.2,3.3,2.5,rain,2012,December,Sunday
358,2012-12-24,0.3,5.6,2.8,2.8,rain,2012,December,Monday
359,2012-12-25,13.5,5.6,2.8,4.2,snow,2012,December,Tuesday
360,2012-12-26,4.6,6.7,3.3,4.9,rain,2012,December,Wednesday
361,2012-12-27,4.1,7.8,3.3,3.2,rain,2012,December,Thursday
362,2012-12-28,0.0,8.3,3.9,1.7,rain,2012,December,Friday
363,2012-12-29,1.5,5.0,3.3,1.7,rain,2012,December,Saturday
364,2012-12-30,0.0,4.4,0.0,1.8,drizzle,2012,December,Sunday
365,2012-12-31,0.0,3.3,-1.1,2.0,drizzle,2012,December,Monday
366,2013-01-01,0.0,5.0,-2.8,2.7,sun,2013,January,Tuesday
367,2013-01-02,0.0,6.1,-1.1,3.2,sun,2013,January,Wednesday
368,2013-01-03,4.1,6.7,-1.7,3.0,rain,2013,January,Thursday
369,2013-01-04,2.5,10.0,2.2,2.8,rain,2013,January,Friday
370,2013-01-05,3.0,6.7,4.4,3.1,rain,2013,January,Saturday
371,2013-01-06,2.0,7.2,2.8,3.0,rain,2013,January,Sunday
372,2013-01-07,2.3,10.0,4.4,7.3,rain,2013,January,Monday
373,2013-01-08,16.3,11.7,5.6,6.3,rain,2013,January,Tuesday
374,2013-01-09,38.4,10.0,1.7,5.1,rain,2013,January,Wednesday
375,2013-01-10,0.3,3.3,-0.6,2.1,snow,2013,January,Thursday
376,2013-01-11,0.0,2.8,-2.8,1.9,drizzle,2013,January,Friday
377,2013-01-12,0.0,2.8,-3.9,2.0,sun,2013,January,Saturday
378,2013-01-13,0.0,2.2,-4.4,1.5,sun,2013,January,Sunday
379,2013-01-14,0.0,3.3,-2.2,1.3,sun,2013,January,Monday
380,2013-01-15,0.0,6.7,-0.6,2.3,sun,2013,January,Tuesday
381,2013-01-16,0.0,6.1,-3.9,1.8,drizzle,2013,January,Wednesday
382,2013-01-17,0.0,3.9,-2.8,1.0,drizzle,2013,January,Thursday
383,2013-01-18,0.0,3.3,-1.1,1.3,drizzle,2013,January,Friday
384,2013-01-19,0.0,1.1,-0.6,1.9,drizzle,2013,January,Saturday
385,2013-01-20,0.0,3.3,-0.6,2.1,drizzle,2013,January,Sunday
386,2013-01-21,0.0,2.2,-1.7,1.1,drizzle,2013,January,Monday
387,2013-01-22,0.0,3.3,-1.7,0.6,drizzle,2013,January,Tuesday
388,2013-01-23,5.1,7.2,2.2,3.1,rain,2013,January,Wednesday
389,2013-01-24,5.8,7.2,1.1,2.6,rain,2013,January,Thursday
390,2013-01-25,3.0,10.6,2.8,2.1,rain,2013,January,Friday
391,2013-01-26,2.3,8.3,3.9,4.5,rain,2013,January,Saturday
392,2013-01-27,1.8,5.6,3.9,4.5,rain,2013,January,Sunday
393,2013-01-28,7.9,6.1,3.3,3.2,rain,2013,January,Monday
394,2013-01-29,4.3,8.3,5.0,3.9,rain,2013,January,Tuesday
395,2013-01-30,3.6,8.9,6.7,3.9,rain,2013,January,Wednesday
396,2013-01-31,3.0,9.4,7.2,4.0,rain,2013,January,Thursday
397,2013-02-01,0.3,11.7,5.0,2.9,rain,2013,February,Friday
398,2013-02-02,0.0,6.1,2.8,2.0,drizzle,2013,February,Saturday
399,2013-02-03,2.3,8.9,2.8,2.9,rain,2013,February,Sunday
400,2013-02-04,0.0,10.6,6.7,2.6,rain,2013,February,Monday
401,2013-02-05,3.3,10.0,6.7,5.1,rain,2013,February,Tuesday
402,2013-02-06,1.0,10.6,6.1,4.5,rain,2013,February,Wednesday
403,2013-02-07,1.3,9.4,3.3,4.1,rain,2013,February,Thursday
404,2013-02-08,0.0,7.8,2.2,1.3,sun,2013,February,Friday
405,2013-02-09,0.3,8.3,4.4,1.3,rain,2013,February,Saturday
406,2013-02-10,0.0,8.9,1.7,2.0,drizzle,2013,February,Sunday
407,2013-02-11,0.3,8.3,4.4,1.4,rain,2013,February,Monday
408,2013-02-12,1.0,11.1,7.2,5.6,rain,2013,February,Tuesday
409,2013-02-13,2.3,9.4,7.2,4.1,rain,2013,February,Wednesday
410,2013-02-14,1.0,9.4,5.6,2.2,rain,2013,February,Thursday
411,2013-02-15,0.0,13.3,5.0,2.4,drizzle,2013,February,Friday
412,2013-02-16,0.0,11.1,3.9,5.6,rain,2013,February,Saturday
413,2013-02-17,0.0,9.4,4.4,3.4,rain,2013,February,Sunday
414,2013-02-18,0.0,7.8,3.9,1.9,rain,2013,February,Monday
415,2013-02-19,0.0,10.6,1.7,3.4,sun,2013,February,Tuesday
416,2013-02-20,1.5,7.8,1.1,2.1,rain,2013,February,Wednesday
417,2013-02-21,0.5,6.7,3.9,6.2,rain,2013,February,Thursday
418,2013-02-22,9.4,7.8,3.9,8.1,rain,2013,February,Friday
419,2013-02-23,0.3,10.0,3.9,4.6,rain,2013,February,Saturday
420,2013-02-24,0.0,8.9,5.0,5.5,rain,2013,February,Sunday
421,2013-02-25,2.3,10.6,3.3,7.1,rain,2013,February,Monday
422,2013-02-26,0.5,8.9,3.9,3.8,rain,2013,February,Tuesday
423,2013-02-27,4.6,10.0,4.4,1.8,rain,2013,February,Wednesday
424,2013-02-28,8.1,11.7,6.7,3.8,rain,2013,February,Thursday
425,2013-03-01,4.1,15.0,11.1,5.4,rain,2013,March,Friday
426,2013-03-02,0.8,13.9,5.0,4.5,rain,2013,March,Saturday
427,2013-03-03,0.0,11.1,2.2,2.8,sun,2013,March,Sunday
428,2013-03-04,0.0,13.3,0.0,3.9,sun,2013,March,Monday
429,2013-03-05,0.0,9.4,6.1,2.4,rain,2013,March,Tuesday
430,2013-03-06,11.9,7.2,5.0,4.1,rain,2013,March,Wednesday
431,2013-03-07,7.4,12.2,5.0,2.5,rain,2013,March,Thursday
432,2013-03-08,0.0,11.7,2.2,2.6,drizzle,2013,March,Friday
433,2013-03-09,0.0,12.8,1.1,1.3,fog,2013,March,Saturday
434,2013-03-10,0.8,7.8,3.9,1.6,rain,2013,March,Sunday
435,2013-03-11,1.3,10.6,6.1,1.1,rain,2013,March,Monday
436,2013-03-12,2.0,12.8,10.0,5.7,rain,2013,March,Tuesday
437,2013-03-13,2.3,11.7,9.4,3.7,rain,2013,March,Wednesday
438,2013-03-14,2.8,11.7,9.4,3.0,rain,2013,March,Thursday
439,2013-03-15,0.0,14.4,8.9,4.3,rain,2013,March,Friday
440,2013-03-16,4.3,10.6,4.4,6.4,rain,2013,March,Saturday
441,2013-03-17,0.0,8.9,3.9,6.1,sun,2013,March,Sunday
442,2013-03-18,0.0,11.7,3.9,5.9,rain,2013,March,Monday
443,2013-03-19,11.7,12.8,1.7,3.4,rain,2013,March,Tuesday
444,2013-03-20,9.9,11.1,4.4,7.6,rain,2013,March,Wednesday
445,2013-03-21,8.1,10.0,2.2,4.9,snow,2013,March,Thursday
446,2013-03-22,0.0,9.4,0.6,2.2,sun,2013,March,Friday
447,2013-03-23,0.0,10.0,1.1,2.6,sun,2013,March,Saturday
448,2013-03-24,0.0,12.2,0.6,2.1,sun,2013,March,Sunday
449,2013-03-25,0.0,16.7,4.4,2.8,sun,2013,March,Monday
450,2013-03-26,0.0,16.7,6.1,1.7,sun,2013,March,Tuesday
451,2013-03-27,0.3,13.3,7.2,1.6,rain,2013,March,Wednesday
452,2013-03-28,2.0,16.1,8.3,1.3,rain,2013,March,Thursday
453,2013-03-29,0.0,18.3,7.8,2.5,rain,2013,March,Friday
454,2013-03-30,0.0,20.0,5.6,4.4,drizzle,2013,March,Saturday
455,2013-03-31,0.0,20.6,6.7,2.9,sun,2013,March,Sunday
456,2013-04-01,0.0,17.2,8.3,3.6,sun,2013,April,Monday
457,2013-04-02,0.0,13.9,8.9,2.2,sun,2013,April,Tuesday
458,2013-04-03,0.0,16.7,7.8,1.6,sun,2013,April,Wednesday
459,2013-04-04,8.4,14.4,10.0,3.0,rain,2013,April,Thursday
460,2013-04-05,18.5,13.9,10.0,5.6,rain,2013,April,Friday
461,2013-04-06,12.7,12.2,7.2,5.0,rain,2013,April,Saturday
462,2013-04-07,39.1,8.3,5.0,3.9,rain,2013,April,Sunday
463,2013-04-08,0.8,13.3,6.1,3.1,rain,2013,April,Monday
464,2013-04-09,0.0,12.2,6.1,2.4,sun,2013,April,Tuesday
465,2013-04-10,9.4,15.0,8.9,6.4,rain,2013,April,Wednesday
466,2013-04-11,1.5,12.2,6.7,3.8,rain,2013,April,Thursday
467,2013-04-12,9.7,7.8,4.4,4.6,rain,2013,April,Friday
468,2013-04-13,9.4,10.6,3.3,5.7,rain,2013,April,Saturday
469,2013-04-14,5.8,12.8,4.4,2.3,rain,2013,April,Sunday
470,2013-04-15,0.0,13.9,4.4,2.4,fog,2013,April,Monday
471,2013-04-16,0.3,13.9,3.3,2.6,rain,2013,April,Tuesday
472,2013-04-17,0.0,15.0,3.9,3.3,drizzle,2013,April,Wednesday
473,2013-04-18,5.3,11.7,6.7,4.0,rain,2013,April,Thursday
474,2013-04-19,20.6,13.3,9.4,4.9,rain,2013,April,Friday
475,2013-04-20,0.0,13.9,8.3,5.8,sun,2013,April,Saturday
476,2013-04-21,3.3,12.2,6.7,4.1,rain,2013,April,Sunday
477,2013-04-22,0.0,16.1,5.0,4.3,sun,2013,April,Monday
478,2013-04-23,0.0,17.8,3.9,2.8,sun,2013,April,Tuesday
479,2013-04-24,0.0,21.1,6.1,3.0,sun,2013,April,Wednesday
480,2013-04-25,0.0,21.7,6.7,1.1,sun,2013,April,Thursday
481,2013-04-26,0.0,20.6,8.3,2.2,fog,2013,April,Friday
482,2013-04-27,0.0,13.9,10.6,5.9,sun,2013,April,Saturday
483,2013-04-28,1.0,15.0,9.4,5.2,rain,2013,April,Sunday
484,2013-04-29,3.8,13.9,6.7,4.2,rain,2013,April,Monday
485,2013-04-30,0.0,12.8,4.4,2.4,sun,2013,April,Tuesday
486,2013-05-01,0.0,18.3,3.3,3.1,sun,2013,May,Wednesday
487,2013-05-02,0.0,20.6,6.7,4.0,sun,2013,May,Thursday
488,2013-05-03,0.0,21.7,9.4,4.9,sun,2013,May,Friday
489,2013-05-04,0.0,25.0,11.1,6.5,sun,2013,May,Saturday
490,2013-05-05,0.0,28.9,11.7,5.3,sun,2013,May,Sunday
491,2013-05-06,0.0,30.6,12.2,2.0,sun,2013,May,Monday
492,2013-05-07,0.0,20.6,11.1,3.3,sun,2013,May,Tuesday
493,2013-05-08,0.0,19.4,11.1,1.9,sun,2013,May,Wednesday
494,2013-05-09,0.0,22.8,10.0,1.3,sun,2013,May,Thursday
495,2013-05-10,0.0,26.1,9.4,1.0,sun,2013,May,Friday
496,2013-05-11,0.0,27.2,12.2,2.6,sun,2013,May,Saturday
497,2013-05-12,6.6,21.7,13.9,3.9,rain,2013,May,Sunday
498,2013-05-13,3.3,18.9,9.4,5.0,rain,2013,May,Monday
499,2013-05-14,0.0,18.3,7.8,2.4,sun,2013,May,Tuesday
500,2013-05-15,1.0,17.2,8.9,2.3,rain,2013,May,Wednesday
501,2013-05-16,0.0,21.7,12.2,2.7,fog,2013,May,Thursday
502,2013-05-17,0.5,17.2,11.7,3.7,rain,2013,May,Friday
503,2013-05-18,0.0,16.7,11.1,2.9,sun,2013,May,Saturday
504,2013-05-19,0.0,18.3,10.6,2.3,sun,2013,May,Sunday
505,2013-05-20,0.0,19.4,9.4,1.8,sun,2013,May,Monday
506,2013-05-21,13.7,15.6,8.3,4.8,rain,2013,May,Tuesday
507,2013-05-22,13.7,11.1,7.2,3.0,rain,2013,May,Wednesday
508,2013-05-23,4.1,12.2,6.7,1.9,rain,2013,May,Thursday
509,2013-05-24,0.3,16.7,8.9,2.7,rain,2013,May,Friday
510,2013-05-25,0.0,17.8,10.0,2.7,sun,2013,May,Saturday
511,2013-05-26,1.5,18.3,10.6,2.2,rain,2013,May,Sunday
512,2013-05-27,9.7,16.7,11.1,3.1,rain,2013,May,Monday
513,2013-05-28,0.5,17.2,11.7,2.8,rain,2013,May,Tuesday
514,2013-05-29,5.6,16.1,9.4,4.0,rain,2013,May,Wednesday
515,2013-05-30,0.0,16.7,9.4,5.3,sun,2013,May,Thursday
516,2013-05-31,0.0,19.4,11.1,2.5,sun,2013,May,Friday
517,2013-06-01,0.0,22.8,12.2,2.5,sun,2013,June,Saturday
518,2013-06-02,1.0,20.6,12.2,3.1,rain,2013,June,Sunday
519,2013-06-03,0.0,22.2,11.1,2.9,sun,2013,June,Monday
520,2013-06-04,0.0,26.1,12.2,3.4,sun,2013,June,Tuesday
521,2013-06-05,0.0,26.7,14.4,3.1,sun,2013,June,Wednesday
522,2013-06-06,0.0,26.7,12.2,2.5,sun,2013,June,Thursday
523,2013-06-07,0.0,21.7,13.3,3.2,sun,2013,June,Friday
524,2013-06-08,0.0,20.6,12.8,3.1,sun,2013,June,Saturday
525,2013-06-09,0.0,20.6,11.1,3.7,sun,2013,June,Sunday
526,2013-06-10,0.0,21.7,11.7,3.2,sun,2013,June,Monday
527,2013-06-11,0.0,20.0,10.0,5.7,sun,2013,June,Tuesday
528,2013-06-12,0.3,20.6,11.7,4.2,rain,2013,June,Wednesday
529,2013-06-13,0.0,21.1,11.7,2.6,sun,2013,June,Thursday
530,2013-06-14,0.0,20.0,12.2,3.7,sun,2013,June,Friday
531,2013-06-15,0.0,25.6,10.0,2.9,sun,2013,June,Saturday
532,2013-06-16,0.0,23.9,12.8,3.4,sun,2013,June,Sunday
533,2013-06-17,0.0,25.6,13.9,3.0,sun,2013,June,Monday
534,2013-06-18,0.3,23.3,13.3,3.4,rain,2013,June,Tuesday
535,2013-06-19,0.0,20.0,12.8,3.7,sun,2013,June,Wednesday
536,2013-06-20,3.0,17.2,12.8,5.0,rain,2013,June,Thursday
537,2013-06-21,0.3,20.6,12.2,1.5,rain,2013,June,Friday
538,2013-06-22,0.0,25.6,11.7,1.7,sun,2013,June,Saturday
539,2013-06-23,7.9,22.2,15.0,2.1,rain,2013,June,Sunday
540,2013-06-24,4.8,21.1,13.9,3.7,rain,2013,June,Monday
541,2013-06-25,9.9,23.3,14.4,2.8,rain,2013,June,Tuesday
542,2013-06-26,2.0,22.2,15.0,2.3,rain,2013,June,Wednesday
543,2013-06-27,3.6,21.1,16.7,1.3,rain,2013,June,Thursday
544,2013-06-28,0.0,30.6,16.1,2.2,sun,2013,June,Friday
545,2013-06-29,0.0,30.0,18.3,1.7,sun,2013,June,Saturday
546,2013-06-30,0.0,33.9,17.2,2.5,sun,2013,June,Sunday
547,2013-07-01,0.0,31.7,18.3,2.3,sun,2013,July,Monday
548,2013-07-02,0.0,28.3,15.6,3.0,sun,2013,July,Tuesday
549,2013-07-03,0.0,26.1,16.7,3.2,sun,2013,July,Wednesday
550,2013-07-04,0.0,21.7,13.9,2.2,fog,2013,July,Thursday
551,2013-07-05,0.0,23.3,13.9,2.6,sun,2013,July,Friday
552,2013-07-06,0.0,26.1,13.3,2.2,sun,2013,July,Saturday
553,2013-07-07,0.0,23.9,13.9,2.9,sun,2013,July,Sunday
554,2013-07-08,0.0,26.7,13.3,2.8,sun,2013,July,Monday
555,2013-07-09,0.0,30.0,15.0,2.5,sun,2013,July,Tuesday
556,2013-07-10,0.0,22.2,13.9,2.6,sun,2013,July,Wednesday
557,2013-07-11,0.0,22.8,12.2,3.0,sun,2013,July,Thursday
558,2013-07-12,0.0,19.4,13.3,2.2,sun,2013,July,Friday
559,2013-07-13,0.0,26.1,11.1,3.1,sun,2013,July,Saturday
560,2013-07-14,0.0,27.8,12.8,3.0,sun,2013,July,Sunday
561,2013-07-15,0.0,27.8,14.4,4.6,sun,2013,July,Monday
562,2013-07-16,0.0,31.1,18.3,4.1,sun,2013,July,Tuesday
563,2013-07-17,0.0,22.2,15.0,3.7,sun,2013,July,Wednesday
564,2013-07-18,0.0,26.1,13.9,2.0,sun,2013,July,Thursday
565,2013-07-19,0.0,27.8,13.3,1.9,sun,2013,July,Friday
566,2013-07-20,0.0,25.0,13.3,2.0,sun,2013,July,Saturday
567,2013-07-21,0.0,23.9,12.8,2.3,sun,2013,July,Sunday
568,2013-07-22,0.0,26.1,13.3,2.4,fog,2013,July,Monday
569,2013-07-23,0.0,31.1,13.9,3.0,sun,2013,July,Tuesday
570,2013-07-24,0.0,31.1,14.4,2.5,sun,2013,July,Wednesday
571,2013-07-25,0.0,31.1,12.8,2.3,sun,2013,July,Thursday
572,2013-07-26,0.0,31.1,14.4,2.9,sun,2013,July,Friday
573,2013-07-27,0.0,25.6,12.8,2.6,sun,2013,July,Saturday
574,2013-07-28,0.0,21.1,12.2,3.4,fog,2013,July,Sunday
575,2013-07-29,0.0,25.0,13.3,1.4,sun,2013,July,Monday
576,2013-07-30,0.0,25.0,13.3,2.8,sun,2013,July,Tuesday
577,2013-07-31,0.0,21.7,13.3,1.8,sun,2013,July,Wednesday
578,2013-08-01,0.0,20.6,13.3,3.9,sun,2013,August,Thursday
579,2013-08-02,2.0,17.2,15.0,2.0,rain,2013,August,Friday
580,2013-08-03,0.0,25.0,15.6,2.4,fog,2013,August,Saturday
581,2013-08-04,0.0,28.9,15.0,3.4,sun,2013,August,Sunday
582,2013-08-05,0.0,30.0,15.0,2.1,sun,2013,August,Monday
583,2013-08-06,0.0,30.6,13.9,1.4,sun,2013,August,Tuesday
584,2013-08-07,0.0,31.1,13.9,1.9,sun,2013,August,Wednesday
585,2013-08-08,0.0,28.3,14.4,2.5,sun,2013,August,Thursday
586,2013-08-09,0.0,28.3,14.4,2.1,sun,2013,August,Friday
587,2013-08-10,2.3,25.6,15.0,2.9,rain,2013,August,Saturday
588,2013-08-11,0.0,25.0,14.4,2.9,sun,2013,August,Sunday
589,2013-08-12,0.0,25.6,16.1,1.9,sun,2013,August,Monday
590,2013-08-13,0.0,27.8,15.0,1.8,sun,2013,August,Tuesday
591,2013-08-14,0.8,27.2,15.0,2.0,rain,2013,August,Wednesday
592,2013-08-15,1.8,21.1,17.2,1.0,rain,2013,August,Thursday
593,2013-08-16,0.0,28.9,16.1,2.2,fog,2013,August,Friday
594,2013-08-17,0.0,25.6,17.2,3.0,sun,2013,August,Saturday
595,2013-08-18,0.0,26.1,15.6,3.1,sun,2013,August,Sunday
596,2013-08-19,0.0,26.7,15.6,3.0,sun,2013,August,Monday
597,2013-08-20,0.0,25.6,16.1,4.6,sun,2013,August,Tuesday
598,2013-08-21,0.0,27.8,15.0,4.3,sun,2013,August,Wednesday
599,2013-08-22,0.0,28.9,15.0,1.9,sun,2013,August,Thursday
600,2013-08-23,0.0,25.0,16.1,4.1,sun,2013,August,Friday
601,2013-08-24,0.0,25.0,16.7,2.7,sun,2013,August,Saturday
602,2013-08-25,0.3,22.2,16.1,2.6,rain,2013,August,Sunday
603,2013-08-26,1.0,24.4,16.1,1.9,rain,2013,August,Monday
604,2013-08-27,1.3,26.7,17.2,1.4,rain,2013,August,Tuesday
605,2013-08-28,5.6,26.7,15.6,1.3,rain,2013,August,Wednesday
606,2013-08-29,19.3,23.9,18.3,3.0,rain,2013,August,Thursday
607,2013-08-30,0.0,26.1,16.1,2.9,sun,2013,August,Friday
608,2013-08-31,0.0,27.8,13.9,2.6,sun,2013,August,Saturday
609,2013-09-01,0.0,27.8,15.6,2.5,sun,2013,September,Sunday
610,2013-09-02,0.0,27.8,17.2,2.1,sun,2013,September,Monday
611,2013-09-03,2.3,25.0,16.7,1.7,rain,2013,September,Tuesday
612,2013-09-04,0.3,22.8,16.1,2.4,rain,2013,September,Wednesday
613,2013-09-05,27.7,20.0,15.6,2.5,rain,2013,September,Thursday
614,2013-09-06,21.3,21.7,16.1,2.6,rain,2013,September,Friday
615,2013-09-07,0.0,23.3,17.2,2.0,sun,2013,September,Saturday
616,2013-09-08,0.0,26.7,14.4,1.5,fog,2013,September,Sunday
617,2013-09-09,0.0,26.1,13.9,2.1,sun,2013,September,Monday
618,2013-09-10,0.0,26.7,15.0,3.7,sun,2013,September,Tuesday
619,2013-09-11,0.0,33.9,16.1,2.4,sun,2013,September,Wednesday
620,2013-09-12,0.0,25.6,15.0,1.7,sun,2013,September,Thursday
621,2013-09-13,0.0,18.9,15.6,2.0,sun,2013,September,Friday
622,2013-09-14,0.0,21.7,15.6,1.4,fog,2013,September,Saturday
623,2013-09-15,3.3,18.9,14.4,2.2,rain,2013,September,Sunday
624,2013-09-16,0.3,21.7,15.0,4.3,rain,2013,September,Monday
625,2013-09-17,0.0,17.8,13.9,2.3,sun,2013,September,Tuesday
626,2013-09-18,0.0,21.1,13.3,2.5,sun,2013,September,Wednesday
627,2013-09-19,0.0,25.6,10.0,1.5,sun,2013,September,Thursday
628,2013-09-20,3.6,23.3,13.3,3.0,rain,2013,September,Friday
629,2013-09-21,0.0,21.1,13.3,2.5,sun,2013,September,Saturday
630,2013-09-22,13.5,17.2,13.3,5.5,rain,2013,September,Sunday
631,2013-09-23,2.8,16.1,11.1,4.5,rain,2013,September,Monday
632,2013-09-24,0.0,17.8,10.0,2.6,sun,2013,September,Tuesday
633,2013-09-25,2.0,16.1,9.4,3.0,rain,2013,September,Wednesday
634,2013-09-26,0.0,17.2,7.2,2.2,sun,2013,September,Thursday
635,2013-09-27,1.0,13.9,10.6,4.3,rain,2013,September,Friday
636,2013-09-28,43.4,16.7,11.7,6.0,rain,2013,September,Saturday
637,2013-09-29,16.8,14.4,11.1,7.1,rain,2013,September,Sunday
638,2013-09-30,18.5,13.9,10.0,6.3,rain,2013,September,Monday
639,2013-10-01,7.9,14.4,8.9,4.7,rain,2013,October,Tuesday
640,2013-10-02,5.3,12.8,9.4,2.4,rain,2013,October,Wednesday
641,2013-10-03,0.8,14.4,8.9,0.9,rain,2013,October,Thursday
642,2013-10-04,0.0,17.8,5.6,1.1,sun,2013,October,Friday
643,2013-10-05,0.0,20.0,8.3,1.6,sun,2013,October,Saturday
644,2013-10-06,4.1,22.8,7.8,2.6,rain,2013,October,Sunday
645,2013-10-07,0.5,16.1,11.7,6.3,rain,2013,October,Monday
646,2013-10-08,6.9,13.9,7.8,3.0,rain,2013,October,Tuesday
647,2013-10-09,0.0,15.0,5.6,1.6,sun,2013,October,Wednesday
648,2013-10-10,1.0,14.4,8.3,1.7,rain,2013,October,Thursday
649,2013-10-11,9.1,13.9,10.6,1.0,rain,2013,October,Friday
650,2013-10-12,1.0,14.4,8.9,2.2,rain,2013,October,Saturday
651,2013-10-13,0.0,15.0,6.7,1.8,fog,2013,October,Sunday
652,2013-10-14,0.0,15.6,3.9,1.6,sun,2013,October,Monday
653,2013-10-15,0.0,15.6,5.0,0.9,sun,2013,October,Tuesday
654,2013-10-16,0.0,12.8,8.9,2.7,fog,2013,October,Wednesday
655,2013-10-17,0.0,14.4,8.9,1.7,fog,2013,October,Thursday
656,2013-10-18,0.0,12.8,7.2,1.2,sun,2013,October,Friday
657,2013-10-19,0.0,10.6,7.8,1.4,sun,2013,October,Saturday
658,2013-10-20,0.0,10.6,7.8,2.4,sun,2013,October,Sunday
659,2013-10-21,0.0,11.7,8.3,2.5,sun,2013,October,Monday
660,2013-10-22,0.0,14.4,7.2,1.9,sun,2013,October,Tuesday
661,2013-10-23,0.0,12.8,6.1,0.4,sun,2013,October,Wednesday
662,2013-10-24,0.0,10.0,6.1,0.6,sun,2013,October,Thursday
663,2013-10-25,0.0,12.2,7.8,1.8,sun,2013,October,Friday
664,2013-10-26,0.0,11.7,8.3,2.7,sun,2013,October,Saturday
665,2013-10-27,1.8,13.9,8.3,4.4,rain,2013,October,Sunday
666,2013-10-28,0.0,14.4,7.2,5.1,sun,2013,October,Monday
667,2013-10-29,0.0,13.3,3.3,2.2,sun,2013,October,Tuesday
668,2013-10-30,0.5,15.0,5.6,3.9,rain,2013,October,Wednesday
669,2013-10-31,0.3,14.4,10.6,2.2,rain,2013,October,Thursday
670,2013-11-01,1.3,17.8,11.7,1.4,rain,2013,November,Friday
671,2013-11-02,12.7,14.4,8.3,7.9,rain,2013,November,Saturday
672,2013-11-03,0.5,12.2,4.4,2.4,rain,2013,November,Sunday
673,2013-11-04,0.0,10.6,3.9,1.6,drizzle,2013,November,Monday
674,2013-11-05,2.5,13.3,7.2,3.1,rain,2013,November,Tuesday
675,2013-11-06,3.8,12.8,7.8,1.7,rain,2013,November,Wednesday
676,2013-11-07,30.0,11.1,10.0,7.2,rain,2013,November,Thursday
677,2013-11-08,0.0,13.3,7.2,4.1,sun,2013,November,Friday
678,2013-11-09,1.8,11.1,5.0,1.4,rain,2013,November,Saturday
679,2013-11-10,0.0,11.1,8.3,4.4,sun,2013,November,Sunday
680,2013-11-11,0.0,16.1,6.1,2.6,fog,2013,November,Monday
681,2013-11-12,4.1,15.6,8.9,2.2,rain,2013,November,Tuesday
682,2013-11-13,0.0,13.9,10.6,3.8,sun,2013,November,Wednesday
683,2013-11-14,1.3,11.1,6.1,1.1,rain,2013,November,Thursday
684,2013-11-15,3.0,10.6,7.2,6.0,rain,2013,November,Friday
685,2013-11-16,0.0,10.0,5.0,4.6,sun,2013,November,Saturday
686,2013-11-17,5.3,11.7,7.2,5.4,rain,2013,November,Sunday
687,2013-11-18,26.2,12.8,9.4,3.9,rain,2013,November,Monday
688,2013-11-19,1.0,13.3,4.4,5.1,rain,2013,November,Tuesday
689,2013-11-20,0.0,7.8,1.7,4.3,sun,2013,November,Wednesday
690,2013-11-21,0.0,7.8,-0.5,3.6,sun,2013,November,Thursday
691,2013-11-22,0.0,9.4,0.0,4.6,sun,2013,November,Friday
692,2013-11-23,0.0,11.1,1.1,2.6,sun,2013,November,Saturday
693,2013-11-24,0.0,11.7,0.6,0.9,fog,2013,November,Sunday
694,2013-11-25,0.0,12.2,2.2,0.5,sun,2013,November,Monday
695,2013-11-26,0.0,12.2,2.8,1.0,sun,2013,November,Tuesday
696,2013-11-27,0.0,14.4,5.6,1.3,sun,2013,November,Wednesday
697,2013-11-28,0.0,11.7,3.3,0.7,sun,2013,November,Thursday
698,2013-11-29,0.5,9.4,5.0,2.1,rain,2013,November,Friday
699,2013-11-30,2.3,11.1,7.2,3.9,rain,2013,November,Saturday
700,2013-12-01,3.0,13.3,7.8,8.8,rain,2013,December,Sunday
701,2013-12-02,4.6,7.8,1.7,3.5,rain,2013,December,Monday
702,2013-12-03,0.0,5.0,-0.5,5.6,sun,2013,December,Tuesday
703,2013-12-04,0.0,4.4,-2.1,1.6,sun,2013,December,Wednesday
704,2013-12-05,0.0,1.1,-4.9,2.6,sun,2013,December,Thursday
705,2013-12-06,0.0,1.1,-4.3,4.7,sun,2013,December,Friday
706,2013-12-07,0.0,0.0,-7.1,3.1,sun,2013,December,Saturday
707,2013-12-08,0.0,2.2,-6.6,2.2,sun,2013,December,Sunday
708,2013-12-09,0.0,1.1,-4.9,1.3,sun,2013,December,Monday
709,2013-12-10,0.0,5.6,0.6,1.5,sun,2013,December,Tuesday
710,2013-12-11,0.0,5.0,-1.6,0.8,sun,2013,December,Wednesday
711,2013-12-12,6.9,5.6,-0.5,2.3,rain,2013,December,Thursday
712,2013-12-13,0.5,9.4,5.6,2.9,rain,2013,December,Friday
713,2013-12-14,0.0,9.4,6.1,3.7,sun,2013,December,Saturday
714,2013-12-15,1.3,11.7,8.3,3.9,rain,2013,December,Sunday
715,2013-12-16,0.3,10.0,4.4,1.0,rain,2013,December,Monday
716,2013-12-17,0.0,8.3,4.4,2.7,sun,2013,December,Tuesday
717,2013-12-18,1.3,7.8,2.2,2.8,rain,2013,December,Wednesday
718,2013-12-19,0.0,5.0,0.0,2.1,sun,2013,December,Thursday
719,2013-12-20,5.6,8.3,0.6,3.7,snow,2013,December,Friday
720,2013-12-21,5.6,8.9,5.6,2.3,rain,2013,December,Saturday
721,2013-12-22,10.7,10.6,8.3,4.0,rain,2013,December,Sunday
722,2013-12-23,1.5,11.7,6.1,5.9,rain,2013,December,Monday
723,2013-12-24,0.0,8.3,2.8,1.7,sun,2013,December,Tuesday
724,2013-12-25,0.0,6.7,1.7,0.8,sun,2013,December,Wednesday
725,2013-12-26,0.0,6.7,0.6,0.5,sun,2013,December,Thursday
726,2013-12-27,0.3,8.9,0.0,2.1,rain,2013,December,Friday
727,2013-12-28,0.0,9.4,3.3,1.3,sun,2013,December,Saturday
728,2013-12-29,0.0,7.2,1.7,1.1,sun,2013,December,Sunday
729,2013-12-30,0.3,8.9,4.4,2.6,rain,2013,December,Monday
730,2013-12-31,0.5,8.3,5.0,1.7,rain,2013,December,Tuesday
731,2014-01-01,0.0,7.2,3.3,1.2,sun,2014,January,Wednesday
732,2014-01-02,4.1,10.6,6.1,3.2,rain,2014,January,Thursday
733,2014-01-03,1.5,8.9,2.8,2.6,rain,2014,January,Friday
734,2014-01-04,0.0,7.8,0.6,2.7,fog,2014,January,Saturday
735,2014-01-05,0.0,8.3,-0.5,3.7,sun,2014,January,Sunday
736,2014-01-06,0.3,7.8,-0.5,2.6,rain,2014,January,Monday
737,2014-01-07,12.2,8.3,5.0,1.6,rain,2014,January,Tuesday
738,2014-01-08,9.7,10.0,7.2,4.6,rain,2014,January,Wednesday
739,2014-01-09,5.8,9.4,5.6,6.3,rain,2014,January,Thursday
740,2014-01-10,4.3,12.8,8.3,7.0,rain,2014,January,Friday
741,2014-01-11,21.3,14.4,7.2,8.8,rain,2014,January,Saturday
742,2014-01-12,1.5,11.1,5.6,8.1,rain,2014,January,Sunday
743,2014-01-13,0.0,10.6,10.0,7.1,sun,2014,January,Monday
744,2014-01-14,0.0,11.1,7.2,1.3,sun,2014,January,Tuesday
745,2014-01-15,0.0,11.1,5.6,2.5,sun,2014,January,Wednesday
746,2014-01-16,0.0,6.7,4.4,2.7,sun,2014,January,Thursday
747,2014-01-17,0.0,5.6,2.8,2.3,sun,2014,January,Friday
748,2014-01-18,0.0,9.4,0.6,2.2,sun,2014,January,Saturday
749,2014-01-19,0.0,6.1,3.3,2.5,sun,2014,January,Sunday
750,2014-01-20,0.0,10.0,2.8,2.2,sun,2014,January,Monday
751,2014-01-21,0.0,10.0,1.7,1.5,sun,2014,January,Tuesday
752,2014-01-22,0.5,9.4,5.6,2.6,rain,2014,January,Wednesday
753,2014-01-23,0.0,10.0,2.8,5.2,fog,2014,January,Thursday
754,2014-01-24,0.0,12.8,1.1,1.9,sun,2014,January,Friday
755,2014-01-25,0.0,12.2,1.1,0.8,sun,2014,January,Saturday
756,2014-01-26,0.0,8.3,0.6,1.3,sun,2014,January,Sunday
757,2014-01-27,0.0,9.4,1.7,1.3,sun,2014,January,Monday
758,2014-01-28,8.9,11.1,6.1,1.6,rain,2014,January,Tuesday
759,2014-01-29,21.6,11.1,7.2,3.4,rain,2014,January,Wednesday
760,2014-01-30,0.0,8.3,6.1,6.4,sun,2014,January,Thursday
761,2014-01-31,2.3,7.8,5.6,2.6,rain,2014,January,Friday
762,2014-02-01,2.0,7.8,2.8,0.8,rain,2014,February,Saturday
763,2014-02-02,0.0,8.9,1.1,2.5,sun,2014,February,Sunday
764,2014-02-03,0.0,5.0,0.0,4.3,sun,2014,February,Monday
765,2014-02-04,0.0,2.8,-2.1,4.7,sun,2014,February,Tuesday
766,2014-02-05,0.0,-0.5,-5.5,6.6,sun,2014,February,Wednesday
767,2014-02-06,0.0,-1.6,-6.0,4.5,sun,2014,February,Thursday
768,2014-02-07,0.0,3.3,-4.9,4.2,sun,2014,February,Friday
769,2014-02-08,5.1,5.6,-0.5,4.6,snow,2014,February,Saturday
770,2014-02-09,0.5,3.9,0.0,2.4,rain,2014,February,Sunday
771,2014-02-10,18.3,10.0,2.2,4.7,rain,2014,February,Monday
772,2014-02-11,17.0,12.2,5.6,3.8,rain,2014,February,Tuesday
773,2014-02-12,4.6,12.2,7.2,6.4,rain,2014,February,Wednesday
774,2014-02-13,1.8,12.8,7.8,6.3,rain,2014,February,Thursday
775,2014-02-14,9.4,11.7,6.1,6.4,rain,2014,February,Friday
776,2014-02-15,11.7,11.1,5.0,5.1,rain,2014,February,Saturday
777,2014-02-16,26.4,9.4,3.9,7.9,rain,2014,February,Sunday
778,2014-02-17,14.5,8.3,4.4,5.5,rain,2014,February,Monday
779,2014-02-18,15.2,8.9,5.0,6.2,rain,2014,February,Tuesday
780,2014-02-19,1.0,8.3,3.9,6.0,rain,2014,February,Wednesday
781,2014-02-20,3.0,10.0,5.6,6.9,rain,2014,February,Thursday
782,2014-02-21,2.8,6.7,3.9,2.9,rain,2014,February,Friday
783,2014-02-22,2.5,5.6,2.8,3.1,rain,2014,February,Saturday
784,2014-02-23,6.1,7.2,3.9,2.6,rain,2014,February,Sunday
785,2014-02-24,13.0,6.7,3.3,3.2,rain,2014,February,Monday
786,2014-02-25,0.3,12.2,3.9,4.5,rain,2014,February,Tuesday
787,2014-02-26,0.0,13.9,5.6,2.5,sun,2014,February,Wednesday
788,2014-02-27,0.0,12.8,4.4,2.3,sun,2014,February,Thursday
789,2014-02-28,0.0,14.4,4.4,5.9,sun,2014,February,Friday
790,2014-03-01,0.5,7.2,4.4,4.7,rain,2014,March,Saturday
791,2014-03-02,19.1,11.1,2.8,5.7,rain,2014,March,Sunday
792,2014-03-03,10.7,14.4,8.9,5.1,rain,2014,March,Monday
793,2014-03-04,16.5,13.9,7.8,3.9,rain,2014,March,Tuesday
794,2014-03-05,46.7,15.6,10.6,3.9,rain,2014,March,Wednesday
795,2014-03-06,3.0,13.3,10.0,6.2,rain,2014,March,Thursday
796,2014-03-07,0.0,15.6,8.9,4.2,sun,2014,March,Friday
797,2014-03-08,32.3,12.8,6.7,2.7,rain,2014,March,Saturday
798,2014-03-09,4.3,15.0,9.4,4.3,rain,2014,March,Sunday
799,2014-03-10,18.8,12.2,6.1,2.2,rain,2014,March,Monday
800,2014-03-11,0.0,14.4,4.4,2.3,fog,2014,March,Tuesday
801,2014-03-12,0.0,16.1,3.3,1.9,fog,2014,March,Wednesday
802,2014-03-13,0.5,13.9,5.0,2.5,rain,2014,March,Thursday
803,2014-03-14,6.9,14.4,8.3,6.1,rain,2014,March,Friday
804,2014-03-15,8.1,16.7,4.4,3.0,rain,2014,March,Saturday
805,2014-03-16,27.7,10.6,4.4,3.8,rain,2014,March,Sunday
806,2014-03-17,0.3,10.0,2.8,3.2,rain,2014,March,Monday
807,2014-03-18,0.0,10.0,3.3,1.6,sun,2014,March,Tuesday
808,2014-03-19,0.5,11.1,3.3,5.1,rain,2014,March,Wednesday
809,2014-03-20,0.0,11.1,1.7,3.0,sun,2014,March,Thursday
810,2014-03-21,0.0,10.6,2.8,3.8,sun,2014,March,Friday
811,2014-03-22,0.0,11.1,1.1,1.8,sun,2014,March,Saturday
812,2014-03-23,0.0,12.8,4.4,3.3,sun,2014,March,Sunday
813,2014-03-24,0.0,18.9,2.8,2.2,sun,2014,March,Monday
814,2014-03-25,4.1,13.9,6.7,4.4,rain,2014,March,Tuesday
815,2014-03-26,3.6,11.1,5.6,2.4,rain,2014,March,Wednesday
816,2014-03-27,0.3,12.2,6.7,2.8,rain,2014,March,Thursday
817,2014-03-28,22.1,11.7,7.2,3.9,rain,2014,March,Friday
818,2014-03-29,14.0,11.7,7.2,5.1,rain,2014,March,Saturday
819,2014-03-30,0.0,11.1,5.0,5.1,sun,2014,March,Sunday
820,2014-03-31,0.0,15.6,2.2,3.8,sun,2014,March,Monday
821,2014-04-01,0.0,14.4,6.7,2.8,sun,2014,April,Tuesday
822,2014-04-02,0.0,14.4,5.6,4.2,sun,2014,April,Wednesday
823,2014-04-03,2.5,13.3,6.1,3.9,rain,2014,April,Thursday
824,2014-04-04,0.0,12.8,6.1,4.7,sun,2014,April,Friday
825,2014-04-05,4.6,11.7,7.8,4.3,rain,2014,April,Saturday
826,2014-04-06,0.0,13.9,8.3,2.6,sun,2014,April,Sunday
827,2014-04-07,0.0,21.1,9.4,2.5,sun,2014,April,Monday
828,2014-04-08,4.6,15.6,8.3,4.2,rain,2014,April,Tuesday
829,2014-04-09,0.0,14.4,6.7,2.9,sun,2014,April,Wednesday
830,2014-04-10,0.0,15.0,6.7,3.6,sun,2014,April,Thursday
831,2014-04-11,0.0,17.2,5.0,2.8,sun,2014,April,Friday
832,2014-04-12,0.0,16.1,7.8,4.4,sun,2014,April,Saturday
833,2014-04-13,0.0,20.6,5.6,3.1,sun,2014,April,Sunday
834,2014-04-14,0.0,20.0,5.6,2.6,sun,2014,April,Monday
835,2014-04-15,0.5,14.4,7.8,4.0,rain,2014,April,Tuesday
836,2014-04-16,10.9,11.1,8.9,4.6,rain,2014,April,Wednesday
837,2014-04-17,18.5,11.7,7.2,4.7,rain,2014,April,Thursday
838,2014-04-18,0.0,14.4,5.6,3.8,sun,2014,April,Friday
839,2014-04-19,13.7,11.7,5.6,4.7,rain,2014,April,Saturday
840,2014-04-20,0.0,15.6,5.6,2.7,sun,2014,April,Sunday
841,2014-04-21,5.1,17.2,7.8,2.5,rain,2014,April,Monday
842,2014-04-22,14.2,12.2,5.0,4.2,rain,2014,April,Tuesday
843,2014-04-23,8.9,11.7,6.1,5.0,rain,2014,April,Wednesday
844,2014-04-24,12.4,13.9,6.1,5.3,rain,2014,April,Thursday
845,2014-04-25,0.0,14.4,5.6,2.3,sun,2014,April,Friday
846,2014-04-26,3.3,15.0,5.6,3.9,rain,2014,April,Saturday
847,2014-04-27,6.9,11.1,6.1,5.8,rain,2014,April,Sunday
848,2014-04-28,0.0,16.1,4.4,2.6,sun,2014,April,Monday
849,2014-04-29,0.0,25.0,9.4,2.3,sun,2014,April,Tuesday
850,2014-04-30,0.0,27.8,9.4,3.9,sun,2014,April,Wednesday
851,2014-05-01,0.0,29.4,11.1,3.0,sun,2014,May,Thursday
852,2014-05-02,0.0,18.3,10.6,4.7,sun,2014,May,Friday
853,2014-05-03,33.3,15.0,8.9,3.4,rain,2014,May,Saturday
854,2014-05-04,16.0,14.4,8.9,4.2,rain,2014,May,Sunday
855,2014-05-05,5.1,15.6,9.4,3.8,rain,2014,May,Monday
856,2014-05-06,0.0,16.7,8.3,2.6,sun,2014,May,Tuesday
857,2014-05-07,0.0,18.3,7.2,1.7,sun,2014,May,Wednesday
858,2014-05-08,13.7,13.9,9.4,3.4,rain,2014,May,Thursday
859,2014-05-09,2.0,13.3,7.2,5.6,rain,2014,May,Friday
860,2014-05-10,0.5,15.6,7.2,2.1,rain,2014,May,Saturday
861,2014-05-11,0.0,18.9,8.3,1.7,sun,2014,May,Sunday
862,2014-05-12,0.0,24.4,9.4,2.7,sun,2014,May,Monday
863,2014-05-13,0.0,26.7,12.8,3.8,sun,2014,May,Tuesday
864,2014-05-14,0.0,27.8,13.3,3.3,sun,2014,May,Wednesday
865,2014-05-15,0.0,26.7,12.8,3.0,sun,2014,May,Thursday
866,2014-05-16,0.0,20.0,11.7,4.1,sun,2014,May,Friday
867,2014-05-17,0.0,20.0,11.7,3.2,sun,2014,May,Saturday
868,2014-05-18,0.0,20.0,10.6,3.2,sun,2014,May,Sunday
869,2014-05-19,0.0,21.1,10.0,2.2,sun,2014,May,Monday
870,2014-05-20,0.0,22.2,10.0,2.7,sun,2014,May,Tuesday
871,2014-05-21,0.0,20.0,10.6,1.7,sun,2014,May,Wednesday
872,2014-05-22,0.0,24.4,11.7,2.5,sun,2014,May,Thursday
873,2014-05-23,3.8,20.0,12.8,4.0,rain,2014,May,Friday
874,2014-05-24,0.0,18.3,11.1,2.4,sun,2014,May,Saturday
875,2014-05-25,5.6,15.0,10.6,1.4,rain,2014,May,Sunday
876,2014-05-26,0.0,18.3,11.1,4.5,sun,2014,May,Monday
877,2014-05-27,0.0,20.0,10.0,2.5,sun,2014,May,Tuesday
878,2014-05-28,0.0,18.9,10.0,3.4,sun,2014,May,Wednesday
879,2014-05-29,0.0,18.9,11.1,4.3,sun,2014,May,Thursday
880,2014-05-30,0.0,20.6,8.9,4.5,sun,2014,May,Friday
881,2014-05-31,0.0,23.3,10.0,2.2,sun,2014,May,Saturday
882,2014-06-01,0.0,22.2,10.6,2.3,sun,2014,June,Sunday
883,2014-06-02,0.0,23.3,11.1,2.4,sun,2014,June,Monday
884,2014-06-03,0.0,18.3,11.1,3.2,sun,2014,June,Tuesday
885,2014-06-04,0.0,19.4,10.0,2.6,sun,2014,June,Wednesday
886,2014-06-05,0.0,22.2,10.0,2.4,sun,2014,June,Thursday
887,2014-06-06,0.0,25.0,10.6,3.2,sun,2014,June,Friday
888,2014-06-07,0.0,24.4,13.3,3.1,sun,2014,June,Saturday
889,2014-06-08,0.0,23.3,12.2,2.1,sun,2014,June,Sunday
890,2014-06-09,0.0,21.1,13.3,3.6,sun,2014,June,Monday
891,2014-06-10,0.0,20.0,12.2,2.9,sun,2014,June,Tuesday
892,2014-06-11,0.0,23.9,11.1,2.7,sun,2014,June,Wednesday
893,2014-06-12,1.8,21.7,12.2,4.0,rain,2014,June,Thursday
894,2014-06-13,6.4,15.6,11.1,5.0,rain,2014,June,Friday
895,2014-06-14,0.0,17.8,11.7,3.2,sun,2014,June,Saturday
896,2014-06-15,0.5,18.3,10.0,3.6,rain,2014,June,Sunday
897,2014-06-16,3.6,17.8,8.9,2.4,rain,2014,June,Monday
898,2014-06-17,1.3,17.8,10.0,3.0,rain,2014,June,Tuesday
899,2014-06-18,0.0,18.9,11.1,2.7,sun,2014,June,Wednesday
900,2014-06-19,0.8,25.6,11.7,3.7,rain,2014,June,Thursday
901,2014-06-20,0.3,20.0,10.0,3.4,rain,2014,June,Friday
902,2014-06-21,0.0,22.2,10.6,3.6,sun,2014,June,Saturday
903,2014-06-22,0.0,25.0,11.1,2.7,sun,2014,June,Sunday
904,2014-06-23,0.0,25.0,13.3,2.5,sun,2014,June,Monday
905,2014-06-24,0.0,24.4,14.4,2.5,sun,2014,June,Tuesday
906,2014-06-25,0.0,26.1,13.9,2.4,sun,2014,June,Wednesday
907,2014-06-26,0.0,21.1,14.4,4.1,sun,2014,June,Thursday
908,2014-06-27,1.8,21.1,13.9,4.5,rain,2014,June,Friday
909,2014-06-28,2.3,20.0,13.3,4.3,rain,2014,June,Saturday
910,2014-06-29,0.0,20.6,12.8,3.2,sun,2014,June,Sunday
911,2014-06-30,0.0,25.6,12.8,4.4,sun,2014,June,Monday
912,2014-07-01,0.0,34.4,15.6,3.5,sun,2014,July,Tuesday
913,2014-07-02,0.0,27.2,14.4,3.6,sun,2014,July,Wednesday
914,2014-07-03,0.0,21.7,13.9,3.1,sun,2014,July,Thursday
915,2014-07-04,0.0,23.9,13.9,3.6,sun,2014,July,Friday
916,2014-07-05,0.0,24.4,13.3,2.2,fog,2014,July,Saturday
917,2014-07-06,0.0,28.9,15.0,3.0,sun,2014,July,Sunday
918,2014-07-07,0.0,27.2,17.8,4.1,fog,2014,July,Monday
919,2014-07-08,0.0,30.0,15.6,3.5,sun,2014,July,Tuesday
920,2014-07-09,0.0,26.7,13.9,2.3,sun,2014,July,Wednesday
921,2014-07-10,0.0,28.9,12.8,2.2,fog,2014,July,Thursday
922,2014-07-11,0.0,31.1,15.0,2.2,sun,2014,July,Friday
923,2014-07-12,0.0,32.2,16.7,2.2,sun,2014,July,Saturday
924,2014-07-13,0.0,29.4,15.0,2.6,sun,2014,July,Sunday
925,2014-07-14,0.0,27.8,15.0,2.8,sun,2014,July,Monday
926,2014-07-15,0.0,31.1,13.9,2.3,sun,2014,July,Tuesday
927,2014-07-16,0.0,31.1,14.4,2.4,sun,2014,July,Wednesday
928,2014-07-17,0.0,26.7,13.9,3.7,sun,2014,July,Thursday
929,2014-07-18,0.0,23.9,11.7,2.8,sun,2014,July,Friday
930,2014-07-19,0.0,25.6,15.0,5.4,fog,2014,July,Saturday
931,2014-07-20,0.0,19.4,14.4,2.8,sun,2014,July,Sunday
932,2014-07-21,0.0,23.9,13.3,2.2,sun,2014,July,Monday
933,2014-07-22,0.3,21.1,13.3,1.1,rain,2014,July,Tuesday
934,2014-07-23,19.3,18.9,13.3,3.3,rain,2014,July,Wednesday
935,2014-07-24,0.0,20.6,12.8,4.7,sun,2014,July,Thursday
936,2014-07-25,0.0,22.8,12.2,2.7,sun,2014,July,Friday
937,2014-07-26,0.0,26.1,13.3,3.6,sun,2014,July,Saturday
938,2014-07-27,0.0,28.3,15.0,4.1,sun,2014,July,Sunday
939,2014-07-28,0.0,30.6,15.0,3.7,sun,2014,July,Monday
940,2014-07-29,0.0,30.0,15.6,2.8,sun,2014,July,Tuesday
941,2014-07-30,0.0,29.4,14.4,3.4,sun,2014,July,Wednesday
942,2014-07-31,0.0,30.6,17.8,4.1,sun,2014,July,Thursday
943,2014-08-01,0.0,28.9,15.0,3.3,sun,2014,August,Friday
944,2014-08-02,0.5,29.4,15.6,1.7,rain,2014,August,Saturday
945,2014-08-03,0.0,31.7,14.4,2.6,sun,2014,August,Sunday
946,2014-08-04,0.0,32.8,16.1,2.6,sun,2014,August,Monday
947,2014-08-05,0.0,25.0,13.9,2.7,sun,2014,August,Tuesday
948,2014-08-06,0.0,26.1,15.0,2.2,fog,2014,August,Wednesday
949,2014-08-07,0.0,25.6,13.3,2.4,fog,2014,August,Thursday
950,2014-08-08,0.0,25.6,13.3,2.9,sun,2014,August,Friday
951,2014-08-09,0.0,27.2,15.6,4.1,sun,2014,August,Saturday
952,2014-08-10,0.0,30.6,13.9,3.4,sun,2014,August,Sunday
953,2014-08-11,0.5,35.6,17.8,2.6,rain,2014,August,Monday
954,2014-08-12,12.7,27.2,17.2,3.1,rain,2014,August,Tuesday
955,2014-08-13,21.6,23.3,15.0,2.7,rain,2014,August,Wednesday
956,2014-08-14,0.0,21.1,17.2,0.6,sun,2014,August,Thursday
957,2014-08-15,1.0,24.4,16.7,1.5,rain,2014,August,Friday
958,2014-08-16,0.0,25.6,15.6,2.2,sun,2014,August,Saturday
959,2014-08-17,0.0,27.8,15.0,2.8,sun,2014,August,Sunday
960,2014-08-18,0.0,29.4,15.6,3.3,sun,2014,August,Monday
961,2014-08-19,0.0,27.2,15.6,2.4,sun,2014,August,Tuesday
962,2014-08-20,0.0,21.7,13.9,3.6,sun,2014,August,Wednesday
963,2014-08-21,0.0,21.1,11.1,1.7,sun,2014,August,Thursday
964,2014-08-22,0.0,23.9,13.3,2.9,sun,2014,August,Friday
965,2014-08-23,0.0,27.8,13.9,2.0,sun,2014,August,Saturday
966,2014-08-24,0.0,25.0,13.3,2.3,sun,2014,August,Sunday
967,2014-08-25,0.0,28.9,14.4,2.0,sun,2014,August,Monday
968,2014-08-26,0.0,31.1,15.6,1.8,sun,2014,August,Tuesday
969,2014-08-27,0.0,28.9,16.1,1.6,sun,2014,August,Wednesday
970,2014-08-28,0.0,23.3,14.4,2.3,sun,2014,August,Thursday
971,2014-08-29,0.0,22.8,15.0,3.4,sun,2014,August,Friday
972,2014-08-30,8.4,17.8,15.0,2.2,rain,2014,August,Saturday
973,2014-08-31,1.3,21.1,13.9,1.9,rain,2014,August,Sunday
974,2014-09-01,0.0,23.3,12.8,2.5,sun,2014,September,Monday
975,2014-09-02,3.0,20.0,13.9,4.3,rain,2014,September,Tuesday
976,2014-09-03,0.0,20.6,12.8,2.7,sun,2014,September,Wednesday
977,2014-09-04,0.0,23.9,11.1,3.1,fog,2014,September,Thursday
978,2014-09-05,0.0,27.8,13.9,6.5,fog,2014,September,Friday
979,2014-09-06,0.0,32.2,15.0,2.9,sun,2014,September,Saturday
980,2014-09-07,0.0,28.3,13.3,2.1,sun,2014,September,Sunday
981,2014-09-08,0.0,21.1,13.3,2.8,sun,2014,September,Monday
982,2014-09-09,0.0,21.7,13.3,2.3,sun,2014,September,Tuesday
983,2014-09-10,0.0,22.2,12.2,3.9,sun,2014,September,Wednesday
984,2014-09-11,0.0,24.4,12.8,5.3,sun,2014,September,Thursday
985,2014-09-12,0.0,24.4,12.8,5.9,sun,2014,September,Friday
986,2014-09-13,0.0,28.3,10.0,4.2,sun,2014,September,Saturday
987,2014-09-14,0.0,30.0,11.7,1.8,sun,2014,September,Sunday
988,2014-09-15,0.0,30.6,12.2,1.2,sun,2014,September,Monday
989,2014-09-16,0.0,22.2,13.9,2.8,sun,2014,September,Tuesday
990,2014-09-17,0.5,22.8,14.4,2.3,rain,2014,September,Wednesday
991,2014-09-18,0.3,19.4,15.0,3.1,rain,2014,September,Thursday
992,2014-09-19,0.0,23.9,16.1,2.8,sun,2014,September,Friday
993,2014-09-20,0.0,24.4,14.4,4.4,fog,2014,September,Saturday
994,2014-09-21,0.0,26.1,12.8,3.0,sun,2014,September,Sunday
995,2014-09-22,0.3,22.2,15.0,2.1,rain,2014,September,Monday
996,2014-09-23,18.3,18.9,14.4,2.5,rain,2014,September,Tuesday
997,2014-09-24,20.3,18.9,14.4,2.7,rain,2014,September,Wednesday
998,2014-09-25,4.3,21.7,14.4,2.5,rain,2014,September,Thursday
999,2014-09-26,8.9,20.0,13.9,3.3,rain,2014,September,Friday
1000,2014-09-27,0.0,20.6,11.7,3.2,fog,2014,September,Saturday
1001,2014-09-28,0.0,18.9,12.2,2.0,fog,2014,September,Sunday
1002,2014-09-29,0.8,16.7,11.1,3.5,rain,2014,September,Monday
1003,2014-09-30,0.0,19.4,12.2,2.6,sun,2014,September,Tuesday
1004,2014-10-01,0.0,18.3,11.1,2.1,sun,2014,October,Wednesday
1005,2014-10-02,0.0,19.4,10.0,2.0,sun,2014,October,Thursday
1006,2014-10-03,0.0,22.2,8.9,1.0,sun,2014,October,Friday
1007,2014-10-04,0.0,21.7,12.2,1.2,sun,2014,October,Saturday
1008,2014-10-05,0.0,23.9,11.7,1.4,fog,2014,October,Sunday
1009,2014-10-06,0.0,25.6,13.3,2.5,fog,2014,October,Monday
1010,2014-10-07,0.0,18.9,13.9,1.0,fog,2014,October,Tuesday
1011,2014-10-08,0.0,20.6,12.8,1.8,fog,2014,October,Wednesday
1012,2014-10-09,0.0,17.2,11.1,1.0,fog,2014,October,Thursday
1013,2014-10-10,0.3,18.3,10.0,3.8,rain,2014,October,Friday
1014,2014-10-11,7.4,18.3,11.7,3.5,rain,2014,October,Saturday
1015,2014-10-12,0.0,17.8,11.7,2.1,sun,2014,October,Sunday
1016,2014-10-13,7.6,21.1,10.0,3.1,rain,2014,October,Monday
1017,2014-10-14,7.1,16.7,11.7,2.2,rain,2014,October,Tuesday
1018,2014-10-15,8.6,16.1,11.7,4.7,rain,2014,October,Wednesday
1019,2014-10-16,0.0,20.6,11.1,3.3,sun,2014,October,Thursday
1020,2014-10-17,3.3,16.7,11.7,3.0,rain,2014,October,Friday
1021,2014-10-18,15.0,19.4,13.9,1.9,rain,2014,October,Saturday
1022,2014-10-19,0.0,22.2,12.8,3.2,sun,2014,October,Sunday
1023,2014-10-20,11.7,16.1,12.2,3.1,rain,2014,October,Monday
1024,2014-10-21,1.0,16.1,11.7,4.7,rain,2014,October,Tuesday
1025,2014-10-22,32.0,15.6,11.7,5.0,rain,2014,October,Wednesday
1026,2014-10-23,9.4,14.4,8.3,4.6,rain,2014,October,Thursday
1027,2014-10-24,4.1,14.4,8.9,3.2,rain,2014,October,Friday
1028,2014-10-25,6.1,16.7,8.3,5.4,rain,2014,October,Saturday
1029,2014-10-26,1.5,12.8,7.8,5.0,rain,2014,October,Sunday
1030,2014-10-27,0.8,15.6,6.7,2.4,rain,2014,October,Monday
1031,2014-10-28,12.7,15.0,9.4,3.9,rain,2014,October,Tuesday
1032,2014-10-29,0.5,16.7,11.7,3.1,rain,2014,October,Wednesday
1033,2014-10-30,25.4,15.6,11.1,3.2,rain,2014,October,Thursday
1034,2014-10-31,17.0,12.8,8.3,2.0,rain,2014,October,Friday
1035,2014-11-01,0.0,11.1,7.2,1.2,fog,2014,November,Saturday
1036,2014-11-02,1.8,13.3,7.2,2.9,rain,2014,November,Sunday
1037,2014-11-03,10.9,13.9,11.1,4.8,rain,2014,November,Monday
1038,2014-11-04,4.1,14.4,10.6,3.3,rain,2014,November,Tuesday
1039,2014-11-05,4.8,15.0,10.6,2.1,rain,2014,November,Wednesday
1040,2014-11-06,4.1,16.7,10.6,6.7,rain,2014,November,Thursday
1041,2014-11-07,0.0,14.4,7.2,2.3,sun,2014,November,Friday
1042,2014-11-08,0.0,12.8,3.9,0.8,fog,2014,November,Saturday
1043,2014-11-09,5.1,13.3,7.8,3.0,rain,2014,November,Sunday
1044,2014-11-10,0.0,11.1,5.6,3.9,sun,2014,November,Monday
1045,2014-11-11,0.0,7.8,1.1,7.7,sun,2014,November,Tuesday
1046,2014-11-12,0.0,6.7,0.0,7.6,sun,2014,November,Wednesday
1047,2014-11-13,0.0,7.2,0.6,4.7,sun,2014,November,Thursday
1048,2014-11-14,0.0,7.2,-2.1,4.5,sun,2014,November,Friday
1049,2014-11-15,0.0,8.3,-1.6,4.2,sun,2014,November,Saturday
1050,2014-11-16,0.0,9.4,-2.1,4.2,sun,2014,November,Sunday
1051,2014-11-17,0.0,10.6,-2.1,1.9,sun,2014,November,Monday
1052,2014-11-18,0.0,7.2,-0.5,0.9,sun,2014,November,Tuesday
1053,2014-11-19,0.0,11.1,2.2,1.9,sun,2014,November,Wednesday
1054,2014-11-20,3.6,11.1,5.6,2.1,rain,2014,November,Thursday
1055,2014-11-21,15.2,11.1,8.3,4.7,rain,2014,November,Friday
1056,2014-11-22,0.5,9.4,6.7,4.7,rain,2014,November,Saturday
1057,2014-11-23,11.9,12.8,5.6,5.1,rain,2014,November,Sunday
1058,2014-11-24,1.3,11.7,4.4,3.8,rain,2014,November,Monday
1059,2014-11-25,18.3,13.9,9.4,4.5,rain,2014,November,Tuesday
1060,2014-11-26,0.3,15.0,12.2,3.9,rain,2014,November,Wednesday
1061,2014-11-27,3.3,14.4,11.7,6.6,rain,2014,November,Thursday
1062,2014-11-28,34.3,12.8,3.3,5.8,rain,2014,November,Friday
1063,2014-11-29,3.6,4.4,-4.3,5.3,snow,2014,November,Saturday
1064,2014-11-30,0.0,2.8,-4.9,4.4,sun,2014,November,Sunday
1065,2014-12-01,0.0,4.4,-3.2,2.2,sun,2014,December,Monday
1066,2014-12-02,0.0,5.6,-3.2,5.7,fog,2014,December,Tuesday
1067,2014-12-03,0.0,10.0,0.0,3.6,sun,2014,December,Wednesday
1068,2014-12-04,0.8,8.3,3.9,1.1,rain,2014,December,Thursday
1069,2014-12-05,3.0,12.8,6.7,3.1,rain,2014,December,Friday
1070,2014-12-06,7.4,11.7,7.8,3.6,rain,2014,December,Saturday
1071,2014-12-07,0.0,14.4,6.1,2.8,sun,2014,December,Sunday
1072,2014-12-08,9.1,14.4,8.9,4.2,rain,2014,December,Monday
1073,2014-12-09,9.9,16.1,10.6,5.1,rain,2014,December,Tuesday
1074,2014-12-10,13.0,18.9,10.0,6.7,rain,2014,December,Wednesday
1075,2014-12-11,6.9,14.4,8.3,6.4,rain,2014,December,Thursday
1076,2014-12-12,0.0,11.1,7.2,3.7,sun,2014,December,Friday
1077,2014-12-13,0.0,10.0,3.9,1.1,fog,2014,December,Saturday
1078,2014-12-14,0.0,12.8,1.7,3.5,fog,2014,December,Sunday
1079,2014-12-15,0.0,12.2,6.7,5.9,sun,2014,December,Monday
1080,2014-12-16,0.0,10.0,8.3,4.0,sun,2014,December,Tuesday
1081,2014-12-17,2.8,8.9,6.1,1.6,rain,2014,December,Wednesday
1082,2014-12-18,13.0,9.4,6.7,3.1,rain,2014,December,Thursday
1083,2014-12-19,3.0,11.1,7.2,4.3,rain,2014,December,Friday
1084,2014-12-20,19.6,12.8,6.7,5.5,rain,2014,December,Saturday
1085,2014-12-21,0.0,12.8,10.0,5.2,sun,2014,December,Sunday
1086,2014-12-22,0.0,10.6,6.1,1.5,sun,2014,December,Monday
1087,2014-12-23,20.6,12.2,5.0,3.8,rain,2014,December,Tuesday
1088,2014-12-24,5.3,7.2,3.9,1.8,rain,2014,December,Wednesday
1089,2014-12-25,0.0,7.8,2.8,2.2,fog,2014,December,Thursday
1090,2014-12-26,0.0,5.6,1.7,1.2,fog,2014,December,Friday
1091,2014-12-27,3.3,9.4,4.4,4.9,rain,2014,December,Saturday
1092,2014-12-28,4.1,6.7,2.8,1.8,rain,2014,December,Sunday
1093,2014-12-29,0.0,6.1,0.6,4.3,fog,2014,December,Monday
1094,2014-12-30,0.0,3.3,-2.1,3.6,sun,2014,December,Tuesday
1095,2014-12-31,0.0,3.3,-2.7,3.0,sun,2014,December,Wednesday
1096,2015-01-01,0.0,5.6,-3.2,1.2,sun,2015,January,Thursday
1097,2015-01-02,1.5,5.6,0.0,2.3,rain,2015,January,Friday
1098,2015-01-03,0.0,5.0,1.7,1.7,fog,2015,January,Saturday
1099,2015-01-04,10.2,10.6,3.3,4.5,rain,2015,January,Sunday
1100,2015-01-05,8.1,12.2,9.4,6.4,rain,2015,January,Monday
1101,2015-01-06,0.0,12.2,6.1,1.3,fog,2015,January,Tuesday
1102,2015-01-07,0.0,7.8,5.6,1.6,fog,2015,January,Wednesday
1103,2015-01-08,0.0,7.8,1.7,2.6,fog,2015,January,Thursday
1104,2015-01-09,0.3,10.0,3.3,0.6,rain,2015,January,Friday
1105,2015-01-10,5.8,7.8,6.1,0.5,rain,2015,January,Saturday
1106,2015-01-11,1.5,9.4,7.2,1.1,rain,2015,January,Sunday
1107,2015-01-12,0.0,11.1,4.4,1.6,fog,2015,January,Monday
1108,2015-01-13,0.0,9.4,2.8,2.7,fog,2015,January,Tuesday
1109,2015-01-14,0.0,6.1,0.6,2.8,fog,2015,January,Wednesday
1110,2015-01-15,9.7,7.8,1.1,3.2,rain,2015,January,Thursday
1111,2015-01-16,0.0,11.7,5.6,4.5,fog,2015,January,Friday
1112,2015-01-17,26.2,13.3,3.3,2.8,rain,2015,January,Saturday
1113,2015-01-18,21.3,13.9,7.2,6.6,rain,2015,January,Sunday
1114,2015-01-19,0.5,10.0,6.1,2.8,rain,2015,January,Monday
1115,2015-01-20,0.0,10.0,3.3,3.0,fog,2015,January,Tuesday
1116,2015-01-21,0.0,7.2,-0.5,1.3,fog,2015,January,Wednesday
1117,2015-01-22,0.8,9.4,6.1,1.3,rain,2015,January,Thursday
1118,2015-01-23,5.8,12.2,8.3,2.6,rain,2015,January,Friday
1119,2015-01-24,0.5,14.4,11.1,3.3,rain,2015,January,Saturday
1120,2015-01-25,0.0,17.2,7.2,1.4,fog,2015,January,Sunday
1121,2015-01-26,0.0,16.1,6.1,2.2,fog,2015,January,Monday
1122,2015-01-27,0.8,11.1,8.3,2.0,rain,2015,January,Tuesday
1123,2015-01-28,0.0,12.2,5.0,1.8,fog,2015,January,Wednesday
1124,2015-01-29,0.0,12.2,3.3,2.9,sun,2015,January,Thursday
1125,2015-01-30,0.0,8.3,1.1,0.8,fog,2015,January,Friday
1126,2015-01-31,0.0,7.2,3.3,1.9,fog,2015,January,Saturday
1127,2015-02-01,1.5,9.4,4.4,2.6,rain,2015,February,Sunday
1128,2015-02-02,7.4,11.1,5.0,4.0,rain,2015,February,Monday
1129,2015-02-03,1.3,10.0,5.6,1.9,rain,2015,February,Tuesday
1130,2015-02-04,8.4,10.6,4.4,1.7,rain,2015,February,Wednesday
1131,2015-02-05,26.2,13.3,8.3,4.6,rain,2015,February,Thursday
1132,2015-02-06,17.3,14.4,10.0,4.5,rain,2015,February,Friday
1133,2015-02-07,23.6,12.2,9.4,4.6,rain,2015,February,Saturday
1134,2015-02-08,3.6,15.0,8.3,3.9,rain,2015,February,Sunday
1135,2015-02-09,6.1,13.3,8.3,2.5,rain,2015,February,Monday
1136,2015-02-10,0.3,12.8,8.3,4.0,rain,2015,February,Tuesday
1137,2015-02-11,0.0,12.8,5.6,1.0,fog,2015,February,Wednesday
1138,2015-02-12,1.0,16.7,9.4,2.1,rain,2015,February,Thursday
1139,2015-02-13,0.0,15.6,6.7,1.7,fog,2015,February,Friday
1140,2015-02-14,0.3,14.4,6.7,2.9,rain,2015,February,Saturday
1141,2015-02-15,0.0,12.2,3.9,4.8,sun,2015,February,Sunday
1142,2015-02-16,0.0,15.0,5.6,6.6,fog,2015,February,Monday
1143,2015-02-17,0.0,16.1,4.4,4.0,sun,2015,February,Tuesday
1144,2015-02-18,0.0,12.2,4.4,2.6,sun,2015,February,Wednesday
1145,2015-02-19,4.6,10.6,8.3,2.2,rain,2015,February,Thursday
1146,2015-02-20,0.8,11.1,7.2,0.9,rain,2015,February,Friday
1147,2015-02-21,0.0,12.2,5.6,4.5,sun,2015,February,Saturday
1148,2015-02-22,0.0,11.7,3.3,4.2,sun,2015,February,Sunday
1149,2015-02-23,0.0,12.8,0.6,1.4,sun,2015,February,Monday
1150,2015-02-24,0.0,11.1,2.2,1.5,sun,2015,February,Tuesday
1151,2015-02-25,4.1,10.0,6.7,1.0,rain,2015,February,Wednesday
1152,2015-02-26,9.4,11.7,7.8,1.4,rain,2015,February,Thursday
1153,2015-02-27,18.3,10.0,6.7,4.0,rain,2015,February,Friday
1154,2015-02-28,0.0,12.2,3.3,5.1,sun,2015,February,Saturday
1155,2015-03-01,0.0,11.1,1.1,2.2,sun,2015,March,Sunday
1156,2015-03-02,0.0,11.1,4.4,4.8,sun,2015,March,Monday
1157,2015-03-03,0.0,10.6,0.0,2.1,sun,2015,March,Tuesday
1158,2015-03-04,0.0,12.8,-0.5,1.8,sun,2015,March,Wednesday
1159,2015-03-05,0.0,13.3,2.8,1.3,sun,2015,March,Thursday
1160,2015-03-06,0.0,15.0,3.3,1.4,sun,2015,March,Friday
1161,2015-03-07,0.0,16.7,3.9,2.7,fog,2015,March,Saturday
1162,2015-03-08,0.0,17.2,3.9,1.7,fog,2015,March,Sunday
1163,2015-03-09,0.0,14.4,4.4,1.8,fog,2015,March,Monday
1164,2015-03-10,0.8,13.3,5.0,2.6,rain,2015,March,Tuesday
1165,2015-03-11,2.5,14.4,8.9,3.1,rain,2015,March,Wednesday
1166,2015-03-12,0.0,17.8,9.4,3.2,sun,2015,March,Thursday
1167,2015-03-13,2.0,17.2,7.8,2.2,rain,2015,March,Friday
1168,2015-03-14,17.0,13.9,9.4,3.8,rain,2015,March,Saturday
1169,2015-03-15,55.9,10.6,6.1,4.2,rain,2015,March,Sunday
1170,2015-03-16,1.0,13.9,6.1,3.0,rain,2015,March,Monday
1171,2015-03-17,0.8,13.3,4.4,2.6,rain,2015,March,Tuesday
1172,2015-03-18,0.0,15.6,7.2,2.5,sun,2015,March,Wednesday
1173,2015-03-19,0.0,15.6,8.3,1.9,sun,2015,March,Thursday
1174,2015-03-20,4.1,13.9,8.9,1.9,rain,2015,March,Friday
1175,2015-03-21,3.8,13.3,8.3,4.7,rain,2015,March,Saturday
1176,2015-03-22,1.0,11.7,6.1,2.3,rain,2015,March,Sunday
1177,2015-03-23,8.1,11.1,5.6,2.8,rain,2015,March,Monday
1178,2015-03-24,7.6,12.8,6.1,3.9,rain,2015,March,Tuesday
1179,2015-03-25,5.1,14.4,7.2,4.4,rain,2015,March,Wednesday
1180,2015-03-26,0.0,20.6,10.0,2.2,sun,2015,March,Thursday
1181,2015-03-27,1.0,18.3,8.9,4.0,rain,2015,March,Friday
1182,2015-03-28,0.0,15.6,9.4,5.7,sun,2015,March,Saturday
1183,2015-03-29,0.0,15.6,8.9,3.0,sun,2015,March,Sunday
1184,2015-03-30,1.8,17.8,10.6,2.9,rain,2015,March,Monday
1185,2015-03-31,1.0,12.8,6.1,4.2,rain,2015,March,Tuesday
1186,2015-04-01,5.1,12.8,5.6,3.2,rain,2015,April,Wednesday
1187,2015-04-02,0.0,13.3,5.6,2.4,sun,2015,April,Thursday
1188,2015-04-03,1.5,11.1,5.0,3.6,rain,2015,April,Friday
1189,2015-04-04,0.0,12.8,3.9,1.7,sun,2015,April,Saturday
1190,2015-04-05,0.0,16.7,2.8,2.4,sun,2015,April,Sunday
1191,2015-04-06,1.0,13.9,6.7,3.5,rain,2015,April,Monday
1192,2015-04-07,0.5,14.4,6.7,3.9,rain,2015,April,Tuesday
1193,2015-04-08,0.0,17.2,6.1,1.7,sun,2015,April,Wednesday
1194,2015-04-09,0.0,17.2,6.1,2.3,sun,2015,April,Thursday
1195,2015-04-10,10.9,13.9,7.8,4.6,rain,2015,April,Friday
1196,2015-04-11,0.0,11.7,5.6,6.5,sun,2015,April,Saturday
1197,2015-04-12,0.0,13.3,5.6,3.6,sun,2015,April,Sunday
1198,2015-04-13,14.0,11.7,3.9,3.6,rain,2015,April,Monday
1199,2015-04-14,3.3,11.7,2.8,3.3,rain,2015,April,Tuesday
1200,2015-04-15,0.0,13.9,3.3,2.4,sun,2015,April,Wednesday
1201,2015-04-16,0.0,17.8,3.9,3.1,sun,2015,April,Thursday
1202,2015-04-17,0.0,18.9,6.1,3.6,sun,2015,April,Friday
1203,2015-04-18,0.0,18.9,8.3,3.9,sun,2015,April,Saturday
1204,2015-04-19,0.0,21.1,8.3,3.6,sun,2015,April,Sunday
1205,2015-04-20,0.0,22.8,7.8,2.6,sun,2015,April,Monday
1206,2015-04-21,5.6,17.2,6.7,3.4,rain,2015,April,Tuesday
1207,2015-04-22,0.0,15.6,5.0,2.3,sun,2015,April,Wednesday
1208,2015-04-23,3.0,12.2,6.7,4.1,rain,2015,April,Thursday
1209,2015-04-24,3.3,12.2,6.1,5.0,rain,2015,April,Friday
1210,2015-04-25,1.3,13.3,5.6,3.0,rain,2015,April,Saturday
1211,2015-04-26,0.0,15.6,4.4,2.7,fog,2015,April,Sunday
1212,2015-04-27,0.3,25.0,10.6,2.3,rain,2015,April,Monday
1213,2015-04-28,1.8,15.6,8.9,4.3,rain,2015,April,Tuesday
1214,2015-04-29,0.0,16.1,7.2,4.7,sun,2015,April,Wednesday
1215,2015-04-30,0.0,17.2,7.8,2.1,sun,2015,April,Thursday
1216,2015-05-01,0.0,18.3,8.9,3.7,sun,2015,May,Friday
1217,2015-05-02,0.0,18.3,7.8,3.7,sun,2015,May,Saturday
1218,2015-05-03,0.0,20.6,7.8,2.6,sun,2015,May,Sunday
1219,2015-05-04,0.0,17.2,7.2,5.2,sun,2015,May,Monday
1220,2015-05-05,6.1,14.4,7.2,5.1,rain,2015,May,Tuesday
1221,2015-05-06,0.0,16.7,7.2,2.6,fog,2015,May,Wednesday
1222,2015-05-07,0.0,20.6,6.1,3.0,sun,2015,May,Thursday
1223,2015-05-08,0.0,23.9,8.3,3.0,sun,2015,May,Friday
1224,2015-05-09,0.0,26.7,9.4,2.6,sun,2015,May,Saturday
1225,2015-05-10,0.0,19.4,11.1,2.8,sun,2015,May,Sunday
1226,2015-05-11,0.0,13.9,10.0,2.5,fog,2015,May,Monday
1227,2015-05-12,4.3,15.6,10.6,3.3,rain,2015,May,Tuesday
1228,2015-05-13,4.1,12.2,10.0,2.8,rain,2015,May,Wednesday
1229,2015-05-14,0.3,17.8,9.4,2.0,rain,2015,May,Thursday
1230,2015-05-15,0.0,20.0,9.4,2.8,fog,2015,May,Friday
1231,2015-05-16,0.0,15.6,11.1,3.0,sun,2015,May,Saturday
1232,2015-05-17,0.0,19.4,10.6,2.1,sun,2015,May,Sunday
1233,2015-05-18,0.0,25.6,12.2,3.0,sun,2015,May,Monday
1234,2015-05-19,0.0,21.7,11.7,2.6,sun,2015,May,Tuesday
1235,2015-05-20,0.0,23.3,10.6,1.8,fog,2015,May,Wednesday
1236,2015-05-21,0.0,25.6,11.7,2.1,sun,2015,May,Thursday
1237,2015-05-22,0.0,16.7,11.7,3.7,sun,2015,May,Friday
1238,2015-05-23,0.0,16.1,11.7,2.6,sun,2015,May,Saturday
1239,2015-05-24,0.0,17.8,11.1,2.7,sun,2015,May,Sunday
1240,2015-05-25,0.0,15.6,11.1,2.7,sun,2015,May,Monday
1241,2015-05-26,0.0,21.7,11.7,2.1,sun,2015,May,Tuesday
1242,2015-05-27,0.0,24.4,11.7,1.8,sun,2015,May,Wednesday
1243,2015-05-28,0.0,27.8,12.2,2.1,sun,2015,May,Thursday
1244,2015-05-29,0.0,26.1,12.8,2.5,sun,2015,May,Friday
1245,2015-05-30,0.0,22.8,10.0,2.5,sun,2015,May,Saturday
1246,2015-05-31,0.0,25.0,11.7,2.2,sun,2015,May,Sunday
1247,2015-06-01,4.6,16.1,11.7,3.4,rain,2015,June,Monday
1248,2015-06-02,0.5,17.8,12.8,5.0,rain,2015,June,Tuesday
1249,2015-06-03,0.0,20.0,11.7,3.0,sun,2015,June,Wednesday
1250,2015-06-04,0.0,22.8,11.7,3.9,sun,2015,June,Thursday
1251,2015-06-05,0.0,26.7,12.8,4.3,sun,2015,June,Friday
1252,2015-06-06,0.0,29.4,13.3,2.6,sun,2015,June,Saturday
1253,2015-06-07,0.0,31.1,15.6,3.2,sun,2015,June,Sunday
1254,2015-06-08,0.0,30.6,14.4,3.5,sun,2015,June,Monday
1255,2015-06-09,0.0,28.9,14.4,2.7,sun,2015,June,Tuesday
1256,2015-06-10,0.0,25.6,11.1,3.0,sun,2015,June,Wednesday
1257,2015-06-11,0.0,24.4,11.1,3.5,sun,2015,June,Thursday
1258,2015-06-12,0.0,20.0,11.7,2.3,sun,2015,June,Friday
1259,2015-06-13,0.0,23.9,9.4,2.6,sun,2015,June,Saturday
1260,2015-06-14,0.0,27.8,11.7,3.7,sun,2015,June,Sunday
1261,2015-06-15,0.0,30.0,16.1,3.5,drizzle,2015,June,Monday
1262,2015-06-16,0.0,22.8,11.1,3.0,sun,2015,June,Tuesday
1263,2015-06-17,0.0,25.0,11.1,3.1,sun,2015,June,Wednesday
1264,2015-06-18,0.0,24.4,13.9,3.0,sun,2015,June,Thursday
1265,2015-06-19,0.5,23.9,13.3,3.2,rain,2015,June,Friday
1266,2015-06-20,0.0,25.0,12.8,4.3,sun,2015,June,Saturday
1267,2015-06-21,0.0,25.6,13.9,3.4,sun,2015,June,Sunday
1268,2015-06-22,0.0,25.0,12.8,2.4,sun,2015,June,Monday
1269,2015-06-23,0.0,26.1,11.7,2.4,sun,2015,June,Tuesday
1270,2015-06-24,0.0,25.6,16.1,2.6,sun,2015,June,Wednesday
1271,2015-06-25,0.0,30.6,15.6,3.0,sun,2015,June,Thursday
1272,2015-06-26,0.0,31.7,17.8,4.7,sun,2015,June,Friday
1273,2015-06-27,0.0,33.3,17.2,3.9,sun,2015,June,Saturday
1274,2015-06-28,0.3,28.3,18.3,2.1,rain,2015,June,Sunday
1275,2015-06-29,0.0,28.9,17.2,2.7,sun,2015,June,Monday
1276,2015-06-30,0.0,30.6,15.0,3.4,fog,2015,June,Tuesday
1277,2015-07-01,0.0,32.2,17.2,4.3,sun,2015,July,Wednesday
1278,2015-07-02,0.0,33.9,17.8,3.4,sun,2015,July,Thursday
1279,2015-07-03,0.0,33.3,17.8,2.6,sun,2015,July,Friday
1280,2015-07-04,0.0,33.3,15.0,2.9,sun,2015,July,Saturday
1281,2015-07-05,0.0,32.8,16.7,2.1,sun,2015,July,Sunday
1282,2015-07-06,0.0,29.4,15.6,3.2,drizzle,2015,July,Monday
1283,2015-07-07,0.0,27.2,13.9,2.4,sun,2015,July,Tuesday
1284,2015-07-08,0.0,30.0,14.4,1.9,drizzle,2015,July,Wednesday
1285,2015-07-09,0.0,28.9,14.4,3.4,sun,2015,July,Thursday
1286,2015-07-10,0.0,21.1,16.7,3.7,sun,2015,July,Friday
1287,2015-07-11,0.0,22.2,16.7,3.0,sun,2015,July,Saturday
1288,2015-07-12,0.0,26.1,16.7,2.2,sun,2015,July,Sunday
1289,2015-07-13,0.0,25.6,16.1,3.1,sun,2015,July,Monday
1290,2015-07-14,0.0,27.8,16.1,3.3,sun,2015,July,Tuesday
1291,2015-07-15,0.0,26.1,14.4,3.2,sun,2015,July,Wednesday
1292,2015-07-16,0.0,26.1,15.0,2.8,sun,2015,July,Thursday
1293,2015-07-17,0.0,27.8,13.9,3.3,sun,2015,July,Friday
1294,2015-07-18,0.0,33.3,17.8,3.4,sun,2015,July,Saturday
1295,2015-07-19,0.0,35.0,17.2,3.3,sun,2015,July,Sunday
1296,2015-07-20,0.0,26.7,16.7,3.9,sun,2015,July,Monday
1297,2015-07-21,0.0,23.9,15.0,2.4,sun,2015,July,Tuesday
1298,2015-07-22,0.0,23.9,13.9,2.8,sun,2015,July,Wednesday
1299,2015-07-23,0.0,26.1,14.4,1.9,sun,2015,July,Thursday
1300,2015-07-24,0.3,22.8,13.3,3.8,rain,2015,July,Friday
1301,2015-07-25,0.0,21.1,14.4,2.4,fog,2015,July,Saturday
1302,2015-07-26,2.0,22.2,13.9,2.6,rain,2015,July,Sunday
1303,2015-07-27,0.0,23.3,12.2,1.9,fog,2015,July,Monday
1304,2015-07-28,0.0,27.8,13.9,3.4,sun,2015,July,Tuesday
1305,2015-07-29,0.0,32.2,14.4,3.8,sun,2015,July,Wednesday
1306,2015-07-30,0.0,34.4,17.2,3.5,sun,2015,July,Thursday
1307,2015-07-31,0.0,34.4,17.8,2.6,sun,2015,July,Friday
1308,2015-08-01,0.0,33.3,15.6,3.1,sun,2015,August,Saturday
1309,2015-08-02,0.0,30.6,16.1,2.0,sun,2015,August,Sunday
1310,2015-08-03,0.0,28.3,17.2,2.3,sun,2015,August,Monday
1311,2015-08-04,0.0,26.1,14.4,2.6,fog,2015,August,Tuesday
1312,2015-08-05,0.0,23.3,12.2,3.5,sun,2015,August,Wednesday
1313,2015-08-06,0.0,25.0,15.0,2.9,sun,2015,August,Thursday
1314,2015-08-07,0.0,28.3,15.6,3.7,sun,2015,August,Friday
1315,2015-08-08,0.0,25.0,15.6,3.6,fog,2015,August,Saturday
1316,2015-08-09,0.0,28.3,15.0,2.2,sun,2015,August,Sunday
1317,2015-08-10,0.0,28.9,16.1,2.4,sun,2015,August,Monday
1318,2015-08-11,0.0,30.0,16.7,4.4,sun,2015,August,Tuesday
1319,2015-08-12,7.6,28.3,16.7,2.7,rain,2015,August,Wednesday
1320,2015-08-13,0.0,28.3,15.6,2.2,sun,2015,August,Thursday
1321,2015-08-14,30.5,18.3,15.0,5.2,rain,2015,August,Friday
1322,2015-08-15,0.0,21.7,13.9,3.7,sun,2015,August,Saturday
1323,2015-08-16,0.0,25.0,14.4,3.7,sun,2015,August,Sunday
1324,2015-08-17,0.0,27.2,13.9,3.0,sun,2015,August,Monday
1325,2015-08-18,0.0,30.0,15.0,3.0,sun,2015,August,Tuesday
1326,2015-08-19,0.0,31.7,16.1,2.1,drizzle,2015,August,Wednesday
1327,2015-08-20,2.0,22.8,14.4,4.2,rain,2015,August,Thursday
1328,2015-08-21,0.0,22.2,14.4,2.6,sun,2015,August,Friday
1329,2015-08-22,0.0,26.7,12.2,2.5,drizzle,2015,August,Saturday
1330,2015-08-23,0.0,27.8,13.9,1.8,drizzle,2015,August,Sunday
1331,2015-08-24,0.0,23.9,12.2,2.3,sun,2015,August,Monday
1332,2015-08-25,0.0,25.6,12.2,3.4,sun,2015,August,Tuesday
1333,2015-08-26,0.0,28.3,13.9,1.7,sun,2015,August,Wednesday
1334,2015-08-27,0.0,29.4,14.4,2.1,sun,2015,August,Thursday
1335,2015-08-28,0.5,23.3,15.6,2.6,rain,2015,August,Friday
1336,2015-08-29,32.5,22.2,13.3,5.8,rain,2015,August,Saturday
1337,2015-08-30,10.2,20.0,12.8,4.7,rain,2015,August,Sunday
1338,2015-08-31,0.0,18.9,16.1,5.8,sun,2015,August,Monday
1339,2015-09-01,5.8,19.4,13.9,5.0,rain,2015,September,Tuesday
1340,2015-09-02,0.0,19.4,11.1,3.8,sun,2015,September,Wednesday
1341,2015-09-03,0.0,18.3,10.6,2.9,sun,2015,September,Thursday
1342,2015-09-04,0.0,18.3,10.0,2.9,sun,2015,September,Friday
1343,2015-09-05,0.3,20.6,8.9,3.5,rain,2015,September,Saturday
1344,2015-09-06,5.3,16.1,11.7,2.4,rain,2015,September,Sunday
1345,2015-09-07,0.3,21.1,13.3,1.5,rain,2015,September,Monday
1346,2015-09-08,0.0,22.8,13.3,2.4,sun,2015,September,Tuesday
1347,2015-09-09,0.0,24.4,13.9,3.3,sun,2015,September,Wednesday
1348,2015-09-10,0.0,25.0,14.4,3.6,fog,2015,September,Thursday
1349,2015-09-11,0.0,27.2,15.0,3.1,sun,2015,September,Friday
1350,2015-09-12,0.0,26.7,14.4,2.1,sun,2015,September,Saturday
1351,2015-09-13,0.5,20.6,12.8,3.0,rain,2015,September,Sunday
1352,2015-09-14,0.0,16.7,10.6,3.4,sun,2015,September,Monday
1353,2015-09-15,0.0,17.8,10.0,2.8,sun,2015,September,Tuesday
1354,2015-09-16,1.0,20.0,10.0,1.9,rain,2015,September,Wednesday
1355,2015-09-17,1.8,18.3,12.8,3.8,rain,2015,September,Thursday
1356,2015-09-18,0.0,19.4,12.8,2.6,sun,2015,September,Friday
1357,2015-09-19,0.0,21.1,14.4,4.3,sun,2015,September,Saturday
1358,2015-09-20,4.1,22.8,12.2,6.8,rain,2015,September,Sunday
1359,2015-09-21,0.0,18.3,9.4,2.7,fog,2015,September,Monday
1360,2015-09-22,0.0,18.9,7.8,2.0,sun,2015,September,Tuesday
1361,2015-09-23,0.0,20.6,8.3,1.8,sun,2015,September,Wednesday
1362,2015-09-24,0.0,22.2,11.1,2.5,fog,2015,September,Thursday
1363,2015-09-25,2.0,15.6,12.8,2.6,rain,2015,September,Friday
1364,2015-09-26,0.0,18.3,10.0,2.7,sun,2015,September,Saturday
1365,2015-09-27,0.0,17.8,7.2,3.8,sun,2015,September,Sunday
1366,2015-09-28,0.0,21.1,9.4,5.1,sun,2015,September,Monday
1367,2015-09-29,0.0,21.7,8.9,1.9,sun,2015,September,Tuesday
1368,2015-09-30,0.0,18.3,10.0,1.3,fog,2015,September,Wednesday
1369,2015-10-01,0.0,21.1,9.4,1.3,fog,2015,October,Thursday
1370,2015-10-02,0.0,15.6,10.0,2.9,fog,2015,October,Friday
1371,2015-10-03,0.0,19.4,11.1,4.8,sun,2015,October,Saturday
1372,2015-10-04,0.0,22.8,10.0,3.7,sun,2015,October,Sunday
1373,2015-10-05,0.0,23.3,9.4,1.6,sun,2015,October,Monday
1374,2015-10-06,0.0,18.3,10.0,2.6,drizzle,2015,October,Tuesday
1375,2015-10-07,9.9,16.1,13.9,2.2,rain,2015,October,Wednesday
1376,2015-10-08,0.0,18.9,13.3,1.1,fog,2015,October,Thursday
1377,2015-10-09,0.3,19.4,12.2,2.6,rain,2015,October,Friday
1378,2015-10-10,28.7,21.1,13.3,4.7,rain,2015,October,Saturday
1379,2015-10-11,0.0,17.8,10.6,2.6,sun,2015,October,Sunday
1380,2015-10-12,4.6,18.3,10.6,2.8,rain,2015,October,Monday
1381,2015-10-13,1.3,16.7,9.4,3.2,rain,2015,October,Tuesday
1382,2015-10-14,0.0,15.0,10.0,5.0,fog,2015,October,Wednesday
1383,2015-10-15,0.0,21.1,9.4,3.4,fog,2015,October,Thursday
1384,2015-10-16,0.0,20.0,8.9,1.3,sun,2015,October,Friday
1385,2015-10-17,0.3,19.4,11.7,1.3,rain,2015,October,Saturday
1386,2015-10-18,3.8,15.0,12.8,2.0,rain,2015,October,Sunday
1387,2015-10-19,0.3,17.2,12.2,2.6,rain,2015,October,Monday
1388,2015-10-20,0.0,17.8,10.6,1.8,fog,2015,October,Tuesday
1389,2015-10-21,0.0,16.1,8.3,1.3,fog,2015,October,Wednesday
1390,2015-10-22,0.0,16.1,8.9,2.7,fog,2015,October,Thursday
1391,2015-10-23,0.0,12.8,7.2,2.6,fog,2015,October,Friday
1392,2015-10-24,0.0,15.0,8.9,2.9,fog,2015,October,Saturday
1393,2015-10-25,8.9,19.4,8.9,3.4,rain,2015,October,Sunday
1394,2015-10-26,6.9,12.2,10.0,4.6,rain,2015,October,Monday
1395,2015-10-27,0.0,16.1,7.8,1.7,fog,2015,October,Tuesday
1396,2015-10-28,3.3,13.9,11.1,2.8,rain,2015,October,Wednesday
1397,2015-10-29,1.8,15.0,12.2,4.7,rain,2015,October,Thursday
1398,2015-10-30,19.3,17.2,11.7,6.7,rain,2015,October,Friday
1399,2015-10-31,33.0,15.6,11.7,7.2,rain,2015,October,Saturday
1400,2015-11-01,26.2,12.2,8.9,6.0,rain,2015,November,Sunday
1401,2015-11-02,0.3,11.1,7.2,2.8,rain,2015,November,Monday
1402,2015-11-03,0.8,10.6,5.0,1.4,rain,2015,November,Tuesday
1403,2015-11-04,0.0,10.0,3.3,2.2,sun,2015,November,Wednesday
1404,2015-11-05,1.3,11.7,7.8,2.3,rain,2015,November,Thursday
1405,2015-11-06,0.0,15.6,8.3,2.7,fog,2015,November,Friday
1406,2015-11-07,12.7,12.2,9.4,3.0,rain,2015,November,Saturday
1407,2015-11-08,6.6,11.1,7.8,1.8,rain,2015,November,Sunday
1408,2015-11-09,3.3,10.0,5.0,1.3,rain,2015,November,Monday
1409,2015-11-10,1.3,11.1,3.9,3.9,rain,2015,November,Tuesday
1410,2015-11-11,1.5,11.1,6.1,4.6,rain,2015,November,Wednesday
1411,2015-11-12,9.9,11.1,5.0,5.1,rain,2015,November,Thursday
1412,2015-11-13,33.5,13.3,9.4,6.5,rain,2015,November,Friday
1413,2015-11-14,47.2,9.4,6.1,4.5,rain,2015,November,Saturday
1414,2015-11-15,22.4,8.9,2.2,4.1,rain,2015,November,Sunday
1415,2015-11-16,2.0,8.9,1.7,4.0,rain,2015,November,Monday
1416,2015-11-17,29.5,13.3,6.7,8.0,rain,2015,November,Tuesday
1417,2015-11-18,1.5,8.9,3.3,3.8,rain,2015,November,Wednesday
1418,2015-11-19,2.0,8.9,2.8,4.2,rain,2015,November,Thursday
1419,2015-11-20,0.0,8.3,0.6,4.0,fog,2015,November,Friday
1420,2015-11-21,0.0,8.9,0.6,4.7,sun,2015,November,Saturday
1421,2015-11-22,0.0,10.0,1.7,3.1,fog,2015,November,Sunday
1422,2015-11-23,3.0,6.7,0.0,1.3,rain,2015,November,Monday
1423,2015-11-24,7.1,6.7,2.8,4.5,rain,2015,November,Tuesday
1424,2015-11-25,0.0,7.2,0.0,5.7,sun,2015,November,Wednesday
1425,2015-11-26,0.0,9.4,-1.0,4.3,sun,2015,November,Thursday
1426,2015-11-27,0.0,9.4,-1.6,3.0,sun,2015,November,Friday
1427,2015-11-28,0.0,7.2,-2.7,1.0,sun,2015,November,Saturday
1428,2015-11-29,0.0,1.7,-2.1,0.9,fog,2015,November,Sunday
1429,2015-11-30,0.5,5.6,-3.8,1.7,rain,2015,November,Monday
1430,2015-12-01,12.2,10.0,3.9,3.5,rain,2015,December,Tuesday
1431,2015-12-02,2.5,10.6,4.4,5.0,rain,2015,December,Wednesday
1432,2015-12-03,12.7,15.6,7.8,5.9,rain,2015,December,Thursday
1433,2015-12-04,2.0,10.6,6.1,4.7,rain,2015,December,Friday
1434,2015-12-05,15.7,10.0,6.1,4.0,rain,2015,December,Saturday
1435,2015-12-06,11.2,12.8,7.2,5.9,rain,2015,December,Sunday
1436,2015-12-07,27.4,11.1,8.3,3.4,rain,2015,December,Monday
1437,2015-12-08,54.1,15.6,10.0,6.2,rain,2015,December,Tuesday
1438,2015-12-09,13.5,12.2,7.8,6.3,rain,2015,December,Wednesday
1439,2015-12-10,9.4,11.7,6.1,7.5,rain,2015,December,Thursday
1440,2015-12-11,0.3,9.4,4.4,2.8,rain,2015,December,Friday
1441,2015-12-12,16.0,8.9,5.6,5.6,rain,2015,December,Saturday
1442,2015-12-13,1.3,7.8,6.1,6.1,rain,2015,December,Sunday
1443,2015-12-14,0.0,7.8,1.7,1.7,sun,2015,December,Monday
1444,2015-12-15,1.5,6.7,1.1,2.9,rain,2015,December,Tuesday
1445,2015-12-16,3.6,6.1,2.8,2.3,rain,2015,December,Wednesday
1446,2015-12-17,21.8,6.7,3.9,6.0,rain,2015,December,Thursday
1447,2015-12-18,18.5,8.9,4.4,5.1,rain,2015,December,Friday
1448,2015-12-19,0.0,8.3,2.8,4.1,fog,2015,December,Saturday
1449,2015-12-20,4.3,7.8,4.4,6.7,rain,2015,December,Sunday
1450,2015-12-21,27.4,5.6,2.8,4.3,rain,2015,December,Monday
1451,2015-12-22,4.6,7.8,2.8,5.0,rain,2015,December,Tuesday
1452,2015-12-23,6.1,5.0,2.8,7.6,rain,2015,December,Wednesday
1453,2015-12-24,2.5,5.6,2.2,4.3,rain,2015,December,Thursday
1454,2015-12-25,5.8,5.0,2.2,1.5,rain,2015,December,Friday
1455,2015-12-26,0.0,4.4,0.0,2.5,sun,2015,December,Saturday
1456,2015-12-27,8.6,4.4,1.7,2.9,rain,2015,December,Sunday
1457,2015-12-28,1.5,5.0,1.7,1.3,rain,2015,December,Monday
1458,2015-12-29,0.0,7.2,0.6,2.6,fog,2015,December,Tuesday
1459,2015-12-30,0.0,5.6,-1.0,3.4,sun,2015,December,Wednesday
1460,2015-12-31,0.0,5.6,-2.1,3.5,sun,2015,December,Thursday
